t,mApp
0,25.3442984
5,25.4033764
10,25.4664496
15,25.5339855
20,25.6065476
25,25.6848236
30,25.7696641
35,25.862139
40,25.9636195
45,26.0759025
50,26.2014078
55,26.3435037
60,26.507077
65,26.6996109
70,26.9334266
75,27.2310322
80,27.6408032
85,28.3031886
90,30.2697437
95,Inf
100,Inf
105,31.340768
110,28.3485457
115,27.6337329
120,27.20846
125,26.9054172
130,26.6703167
135,26.4785961
140,26.3170325
145,26.1776848
150,26.0554088
155,25.9466809
160,25.8489818
165,25.7604478
170,25.6796618
175,25.605521
180,25.5371506
185,25.473845
190,25.4150271
195,25.3602188
200,25.3090197
205,25.2610916
210,25.2161457
215,25.1739342
220,25.1342425
225,25.0968838
230,25.0616947
235,25.0285313
240,24.9972666
245,24.975504
250,25.0098717
255,25.0460113
260,25.0840382
265,25.1240823
270,25.1662902
275,25.2108284
280,25.2578871
285,25.3076843
290,25.3604721
295,25.4165435
300,25.4762423
305,25.5399749
310,25.6082266
315,25.6815838
320,25.7607631
325,25.8466542
330,25.9403792
335,26.0433817
340,26.1575633
345,26.285499
350,26.4307993
355,26.5987523
360,26.7975557
365,27.0409431
370,27.3546592
375,27.7964972
380,27.9026161
385,27.911786
390,27.4409041
395,27.115385
400,26.8669577
405,26.6664332
410,26.4986272
415,26.3546246
420,26.228742
425,26.1171331
430,26.0170732
435,25.9265617
440,25.8440863
445,25.7684761
450,25.6988059
455,25.6343322
460,25.5744485
465,25.5186536
470,25.4665287
475,25.4177205
480,25.3719279
485,25.3288927
490,25.2883915
495,25.2502302
500,25.2142387
505,25.1955822
510,24.8970421
515,24.4755876
520,24.1828474
525,23.9610451
530,23.7844582
535,23.6393781
540,23.517634
545,23.4139677
550,23.3248005
555,23.2475918
560,23.1804777
565,23.1220551
570,23.071246
575,23.0272092
580,22.9892801
585,22.9569302
590,22.9297371
595,22.9073637
600,22.8895427
605,22.876066
610,22.8667753
615,22.8615576
620,22.86034
625,22.8630878
630,22.8698033
635,22.8805254
640,22.8953316
645,22.9143401
650,22.9377143
655,22.9654127
660,22.9930466
665,23.02555
670,23.0632609
675,23.1062333
680,23.1490584
685,23.1980934
690,23.2540015
695,23.3176246
700,23.3900444
705,23.4726709
710,23.5673802
715,23.6767332
720,23.8043422
725,23.9555239
730,24.1385558
735,24.367363
740,24.668176
745,25.1003053
750,25.809951
755,25.747427
760,25.689409
765,25.6354168
770,25.5850483
775,25.5379635
780,25.493872
785,25.4525244
790,25.4137046
795,25.3772244
800,25.342919
805,25.3106431
810,25.2802683
815,25.2516803
820,25.2257951
825,25.2573798
830,25.2905119
835,25.3252781
840,25.361775
845,25.4001112
850,25.4404086
855,25.482805
860,25.5274565
865,25.5745412
870,25.6242631
875,25.6768574
880,25.7325969
885,25.7918007
890,25.8548448
895,25.9221766
900,25.9943338
905,26.0719706
910,26.1558934
915,26.2471124
920,26.3469156
925,26.4569818
930,26.5795556
935,26.7177339
940,26.8759609
945,27.0609437
950,27.283508
955,27.5628604
960,27.9383606
965,28.5138756
970,28.5293811
975,28.1010228
980,27.6384498
985,27.3168635
990,27.0706622
995,26.8715587
1000,26.7047444
1005,26.5614887
1010,26.4362102
1015,26.3251231
1020,26.2255416
1025,26.1354911
1030,26.0534773
1035,25.9783424
1040,25.909171
1045,25.8452271
1050,25.78591
1055,25.7307231
1060,25.6792514
1065,25.6311446
1070,25.5861042
1075,25.543874
1080,25.5042325
1085,25.4669869
1090,25.4319687
1095,25.3990293
1100,25.3680376
1105,25.3984358
1110,25.433493
1115,25.4704074
1120,25.5092995
1125,25.5503052
1130,25.5935787
1135,25.6392956
1140,25.6876567
1145,25.7388935
1150,25.7932745
1155,25.8511131
1160,25.9127785
1165,25.9787093
1170,26.0494324
1175,26.1255875
1180,26.2079624
1185,26.2975421
1190,26.3955798
1195,26.5037051
1200,26.6240901
1205,26.7597213
1210,26.9148643
1215,27.0959178
1220,27.3131252
1225,27.5844443
1230,27.9459825
1235,28.4896325
1240,29.6214465
1245,Inf
1250,30.0003004
1255,26.8413492
1260,25.6573723
1265,25.121248
1270,24.7766296
1275,24.5258755
1280,24.3313178
1285,24.1744166
1290,24.0446757
1295,23.9355818
1300,23.8428223
1305,23.7634013
1310,23.6951604
1315,23.6365005
1320,23.5862108
1325,23.5433602
1330,23.5072249
1335,23.4772391
1340,23.4529609
1345,23.4340482
1350,23.4202414
1355,23.4113513
1360,23.4072508
1365,23.4078696
1370,23.4131912
1375,23.4232523
1380,23.4381445
1385,23.4580177
1390,23.484219
1395,23.5237878
1400,23.5698826
1405,23.6232012
1410,23.6846375
1415,23.7553489
1420,23.8368576
1425,23.9312077
1430,24.0412186
1435,24.1709184
1440,24.32633
1445,24.5170304
1450,24.7596118
1455,25.0867723
1460,25.5785858
1465,26.156429
1470,26.2234246
1475,26.2954199
1480,26.3731015
1485,26.4573194
1490,26.5491417
1495,26.6499372
1500,26.7614994
1505,26.8862427
1510,27.0275265
1515,27.1902231
1520,27.3817891
1525,27.6144942
1530,27.9107293
1535,28.3185386
1540,28.9769344
1545,30.9072759
1550,29.5934365
1555,28.6089795
1560,28.1041078
1565,27.7630677
1570,27.5058452
1575,27.2997382
1580,27.1281324
1585,26.9814217
1590,26.8535478
1595,26.740444
1600,26.6392475
1605,26.5478669
1610,26.464728
1615,26.3886163
1620,26.318575
1625,26.2538376
1630,26.1937799
1635,26.1378878
1640,26.0857321
1645,26.0369517
1650,25.9912394
1655,25.9483321
1660,25.9080028
1665,25.8700543
1670,25.8343145
1675,25.8006322
1680,25.7688741
1685,25.738922
1690,25.7106709
1695,25.6840271
1700,25.6589067
1705,25.6529804
1710,25.6850523
1715,25.7186965
1720,25.7540082
1725,25.7910935
1730,25.8300715
1735,25.8710765
1740,25.9142601
1745,25.9597946
1750,26.0078769
1755,26.0587334
1760,26.1126258
1765,26.1698591
1770,26.2307915
1775,26.2958476
1780,26.3655356
1785,26.4404711
1790,26.5214091
1795,26.60929
1800,26.7053054
1805,26.8109965
1810,26.9284055
1815,27.0603198
1820,27.2106853
1825,27.2359538
1830,27.2292627
1835,27.22355
1840,27.2188076
1845,27.2150279
1850,27.2122043
1855,27.1722378
1860,27.0281836
1865,26.9023538
1870,26.7908776
1875,26.6910152
1880,26.6007557
1885,26.5185799
1890,26.443312
1895,26.3740231
1900,26.309967
1905,26.2505351
1910,26.1952246
1915,26.1436155
1920,26.095353
1925,26.0501355
1930,26.0077037
1935,25.9678337
1940,25.9303306
1945,25.8950239
1950,25.8617635
1955,25.830417
1960,25.8008665
1965,25.8178665
1970,25.8474961
1975,25.8786297
1980,25.9113486
1985,25.9457439
1990,25.9819172
1995,26.0199827
2000,26.0600693
2005,26.1023226
2010,26.1469083
2015,26.1940157
2020,26.2438625
2025,26.2967002
2030,26.3528219
2035,26.4125714
2040,26.4763556
2045,26.544661
2050,26.6180756
2055,26.6973187
2060,26.7832838
2065,26.8770986
2070,26.9802154
2075,27.0945481
2080,26.8372967
2085,26.5296043
2090,26.3368591
2095,26.2151446
2100,26.1450281
2105,26.1174214
2110,26.1289925
2115,26.1739585
2120,26.2108118
2125,26.2384003
2130,26.3111432
2135,26.4383802
2140,26.6408497
2145,26.9667824
2150,27.2939866
2155,27.1562654
2160,27.0354355
2165,26.9280402
2170,26.8316022
2175,26.744286
2180,26.6646935
2185,26.5917354
2190,26.5245465
2195,26.4624281
2200,26.4048082
2205,26.3512124
2210,26.3012431
2215,26.2545638
2220,26.2108873
2225,26.1699664
2230,26.1315872
2235,26.095563
2240,26.0617304
2245,26.0299453
2250,26.0000802
2255,25.9720218
2260,25.945669
2265,25.9209311
2270,25.8977271
2275,25.9245648
2280,25.9541692
2285,25.9852126
2290,26.0177664
2295,26.0519099
2300,26.0877318
2305,26.1253311
2310,26.1648186
2315,26.2063195
2320,26.2499751
2325,26.2959459
2330,26.3444152
2335,26.3955932
2340,26.4497227
2345,26.5070861
2350,26.5680141
2355,26.6328972
2360,26.7022014
2365,26.7764882
2370,26.856443
2375,26.9429135
2380,27.0369659
2385,27.1399665
2390,27.2537057
2395,27.3805937
2400,27.523984
2405,27.68874
2410,27.7645975
2415,27.7412396
2420,27.7185918
2425,27.6966441
2430,27.6753884
2435,27.654818
2440,27.5132441
2445,27.3626381
2450,27.231672
2455,27.11604
2460,27.0127307
2465,26.9195555
2470,26.8348739
2475,26.7574244
2480,26.6862165
2485,26.6204581
2490,26.5595062
2495,26.5028315
2500,26.4499933
2505,26.4006211
2510,26.3543999
2515,26.3110607
2520,26.2703709
2525,26.2321292
2530,26.1961596
2535,26.1623075
2540,26.1304368
2545,26.1004267
2550,26.07217
2555,26.0455708
2560,26.0623625
2565,26.0931298
2570,26.1254793
2575,26.1595006
2580,26.1952941
2585,26.2329718
2590,26.2726601
2595,26.3145015
2600,26.3586578
2605,26.4053134
2610,26.4546801
2615,26.5070021
2620,26.562563
2625,26.6216953
2630,26.6847912
2635,26.7523185
2640,26.8248411
2645,26.9030467
2650,26.9877862
2655,27.0801298
2660,27.1814486
2665,27.2935401
2670,27.4188241
2675,27.560669
2680,27.723962
2685,27.8355504
2690,27.8443573
2695,27.8537353
2700,27.8636723
2705,27.8741565
2710,27.8851768
2715,27.7447431
2720,27.5910681
2725,27.45756
2730,27.3397346
2735,27.2344703
2740,27.1395069
2745,27.0531549
2750,26.9741189
2755,26.6471241
2760,25.9526804
2765,25.5458298
2770,25.2611355
2775,25.0447225
2780,24.8721851
2785,24.730383
2790,24.6114308
2795,24.5102293
2800,24.4232956
2805,24.3481501
2810,24.2829693
2815,24.2263782
2820,24.1773187
2825,24.1349638
2830,24.1024704
2835,24.0784388
2840,24.0592398
2845,24.0446284
2850,24.0344175
2855,24.0284706
2860,24.0266959
2865,24.029044
2870,24.0355052
2875,24.0461099
2880,24.060929
2885,24.0800767
2890,24.1037149
2895,24.1320591
2900,24.1653871
2905,24.2040513
2910,24.2484949
2915,24.2992752
2920,24.357095
2925,24.4228484
2930,24.4976864
2935,24.583116
2940,24.6811524
2945,24.7945655
2950,24.9272974
2955,25.0852187
2960,25.2776165
2965,25.5204721
2970,25.8449584
2975,26.3260286
2980,27.2457432
2985,28.4920787
2990,28.4672568
2995,28.4448626
3000,28.3869584
3005,28.146228
3010,27.9510456
3015,27.7872605
3020,27.6464667
3025,27.5232613
3030,27.4139648
3035,27.3159584
3040,27.2273118
3045,27.1465613
3050,27.0725705
3055,27.0044399
3060,26.9414451
3065,26.8829941
3070,26.8285973
3075,26.7778451
3080,26.7303913
3085,26.685941
3090,26.6442408
3095,26.6050716
3100,26.5682426
3105,26.5335869
3110,26.5009576
3115,26.4702248
3120,26.4412732
3125,26.4140002
3130,26.3883139
3135,26.364132
3140,26.3413804
3145,26.3349895
3150,26.3630823
3155,26.3925207
3160,26.4233721
3165,26.4557114
3170,26.4896219
3175,26.5251962
3180,26.562538
3185,26.6017636
3190,26.6430039
3195,26.6864069
3200,26.732141
3205,26.7803983
3210,26.8313997
3215,26.8854006
3220,26.9426983
3225,27.0036417
3230,27.0686439
3235,27.138199
3240,27.2129042
3245,27.293491
3250,27.3808686
3255,27.476186
3260,27.5809246
3265,27.6437809
3270,27.6325121
3275,27.6222213
3280,27.6128996
3285,27.6045392
3290,27.5971335
3295,27.5906766
3300,27.5851638
3305,27.5805911
3310,27.5664934
3315,27.4626946
3320,27.3692614
3325,27.2844977
3330,27.2071024
3335,27.136056
3340,27.0705444
3345,27.0099077
3350,26.9536033
3355,26.9011797
3360,26.8522573
3365,26.806514
3370,26.7636741
3375,26.7234998
3380,26.6857848
3385,26.6503488
3390,26.6170336
3395,26.5856993
3400,26.5562222
3405,26.5284918
3410,26.5424485
3415,26.5707076
3420,26.6004032
3425,26.6316068
3430,26.664398
3435,26.6988657
3440,26.7351091
3445,26.77324
3450,26.8133842
3455,26.8556841
3460,26.4295614
3465,25.9780495
3470,25.667533
3475,25.4327024
3480,25.2453722
3485,25.0907849
3490,24.960243
3495,24.848191
3500,24.7508664
3505,24.6656058
3510,24.5904571
3515,24.5239495
3520,24.4649498
3525,24.4125691
3530,24.3660995
3535,24.3249706
3540,24.2887187
3545,24.2569644
3550,24.229396
3555,24.2052473
3560,24.180899
3565,24.1602692
3570,24.1431778
3575,24.1261056
3580,24.1119438
3585,24.1010419
3590,24.0933034
3595,24.0886558
3600,24.0870488
3605,24.0884527
3610,24.0928579
3615,24.1002749
3620,24.1107339
3625,24.1242861
3630,24.1410049
3635,24.1609878
3640,24.1843589
3645,24.2112726
3650,24.2419182
3655,24.276526
3660,24.3153748
3665,24.3588029
3670,24.4072215
3675,24.4611331
3680,24.5211572
3685,24.5880648
3690,24.6628289
3695,24.7466965
3700,24.8412985
3705,24.9488199
3710,25.0722773
3715,25.2231304
3720,25.4100081
3725,25.6413882
3730,25.9424755
3735,26.3694773
3740,26.7799865
3745,26.8130648
3750,26.8478341
3755,26.8843947
3760,26.9228592
3765,26.963354
3770,27.0060224
3775,27.051027
3780,27.0985531
3785,27.1488138
3790,27.202055
3795,27.2585627
3800,27.318672
3805,27.382779
3810,27.4513562
3815,27.5249736
3820,27.6043273
3825,27.6902793
3830,27.7839148
3835,27.8866267
3840,28.0002431
3845,28.1272302
3850,28.2710285
3855,28.2935142
3860,28.2864908
3865,28.2800331
3870,28.2741234
3875,28.2687462
3880,28.2638875
3885,28.2595351
3890,28.1353764
3895,28.009164
3900,27.8972743
3905,27.7969762
3910,27.7062653
3915,27.6236272
3920,27.5478901
3925,27.4781287
3930,27.4135997
3935,27.3536972
3940,27.2979211
3945,27.2458534
3950,27.1971421
3955,27.1514872
3960,27.1086319
3965,27.0683543
3970,27.0304614
3975,26.9947848
3980,26.9611763
3985,26.9295053
3990,26.8996561
3995,26.8715255
4000,26.8450217
4005,26.8200622
4010,26.7965733
4015,26.7744883
4020,26.8002339
4025,26.8293914
4030,26.8600297
4035,26.8922295
4040,26.9260803
4045,26.9616819
4050,26.999146
4055,27.0385979
4060,27.0801791
4065,27.1240498
4070,27.1703926
4075,27.2194167
4080,27.2713629
4085,27.326511
4090,27.3851879
4095,27.4477793
4100,27.5147441
4105,27.5866348
4110,27.6641239
4115,27.7480421
4120,27.8394317
4125,27.939625
4130,27.9518738
4135,27.9540531
4140,27.9570751
4145,27.9609331
4150,27.965621
4155,27.9711339
4160,27.9774678
4165,27.9846193
4170,27.9925862
4175,28.001367
4180,27.9369992
4185,27.8473685
4190,27.7656934
4195,27.6908233
4200,27.6218482
4205,27.558036
4210,27.498789
4215,27.443613
4220,27.3920947
4225,27.3438853
4230,27.2986876
4235,27.2562465
4240,27.2163413
4245,27.1787802
4250,27.1433951
4255,27.1100384
4260,26.7731343
4265,26.4514798
4270,26.2163728
4275,26.0342406
4280,25.8881568
4285,25.781979
4290,25.6954519
4295,25.6233514
4300,25.5634358
4305,25.5140762
4310,25.4740705
4315,25.4425267
4320,25.4187867
4325,25.4023766
4330,25.3929735
4335,25.3903851
4340,25.3945375
4345,25.4054708
4350,25.4233417
4355,25.448433
4360,25.4811718
4365,25.5221581
4370,25.5722098
4375,25.6324293
4380,25.7043071
4385,25.7898838
4390,25.8920152
4395,26.0148281
4400,26.1645553
4405,26.3512076
4410,26.5923378
4415,26.9231245
4420,27.4323124
4425,28.3756902
4430,28.4813533
4435,28.473048
4440,28.4661514
4445,28.4606409
4450,28.4564971
4455,28.453704
4460,28.4522483
4465,28.3291396
4470,28.2199649
4475,28.1222232
4480,28.033952
4485,27.9536652
4490,27.8802105
4495,27.8126763
4500,27.7503289
4505,27.6925696
4510,27.6389029
4515,27.5889145
4520,27.5422546
4525,27.498625
4530,27.4577696
4535,27.4194669
4540,27.3835239
4545,27.3497719
4550,27.3180623
4555,27.2882637
4560,27.2602593
4565,27.2339451
4570,27.2092282
4575,27.1860248
4580,27.1642599
4585,27.1438656
4590,27.1247807
4595,27.1069495
4600,27.1020789
4605,27.1282952
4610,27.1557088
4615,27.1843717
4620,27.2143414
4625,27.2456814
4630,27.2784621
4635,27.3127616
4640,27.3486668
4645,27.3862751
4650,27.4256951
4655,27.4670492
4660,27.5104756
4665,27.556131
4670,27.604194
4675,27.654869
4680,27.708392
4685,27.7650365
4690,27.8251224
4695,27.8890266
4700,27.9571976
4705,28.0301744
4710,28.0636931
4715,28.0522854
4720,28.0416417
4725,28.031757
4730,28.0226274
4735,28.0142495
4740,28.0066211
4745,27.9997404
4750,27.9936067
4755,27.9882199
4760,27.9835807
4765,27.9796903
4770,27.9765509
4775,27.9741651
4780,27.9337839
4785,27.8684465
4790,27.8079386
4795,27.751727
4800,27.6993678
4805,27.6504876
4810,27.6047694
4815,27.5619419
4820,27.521771
4825,27.4840536
4830,27.4486123
4835,27.4152914
4840,27.3839533
4845,27.3544763
4850,27.326752
4855,27.3006834
4860,27.2761838
4865,27.2531751
4870,27.2749131
4875,27.3009608
4880,27.3283407
4885,27.3571137
4890,27.3873467
4895,27.4191145
4900,27.4524999
4905,27.4875955
4910,27.5245049
4915,27.5633443
4920,27.6042449
4925,27.6473553
4930,27.6928442
4935,27.7409049
4940,27.7917595
4945,27.8456651
4950,27.9029214
4955,27.9638807
4960,28.0289602
4965,28.0986597
4970,28.173584
4975,28.2544751
4980,28.3422561
4985,28.4380958
4990,28.5435042
4995,28.5887854
5000,28.5868681
5005,27.6661432
5010,27.1570589
5015,26.826571
5020,26.585644
5025,26.399001
5030,26.2490351
5035,26.1256941
5040,26.0208762
5045,25.9244559
5050,25.8426978
5055,25.7731036
5060,25.7138472
5065,25.6635611
5070,25.6212037
5075,25.5859715
5080,25.5572413
5085,25.5345294
5090,25.5174637
5095,25.5057644
5100,25.4992293
5105,25.497725
5110,25.5011809
5115,25.5095857
5120,25.5229873
5125,25.5414946
5130,25.5652825
5135,25.5945993
5140,25.6297795
5145,25.67126
5150,25.7196052
5155,25.7755412
5160,25.8496578
5165,25.9350304
5170,26.0337427
5175,26.1487854
5180,26.2844626
5185,26.4472731
5190,26.6476851
5195,26.9041795
5200,27.254269
5205,27.685896
5210,27.7204634
5215,27.756867
5220,27.7952226
5225,27.8356604
5230,27.8783281
5235,27.9233931
5240,27.971047
5245,28.0215098
5250,28.0750359
5255,28.1319216
5260,28.1925146
5265,28.2572267
5270,28.3265502
5275,28.4010804
5280,28.4815465
5285,28.5688544
5290,28.5935641
5295,28.5854667
5300,28.5782795
5305,28.5719717
5310,28.5665147
5315,28.5618817
5320,28.5580483
5325,28.5549914
5330,28.5526901
5335,28.5511249
5340,28.5502776
5345,28.5426281
5350,28.4595539
5355,28.3835269
5360,28.3135893
5365,28.2489734
5370,28.1890547
5375,28.1333182
5380,28.0813346
5385,28.032742
5390,27.9872332
5395,27.9445445
5400,27.9044488
5405,27.8667486
5410,27.8312714
5415,27.7978658
5420,27.7663981
5425,27.7367499
5430,27.7088159
5435,27.6825021
5440,27.6577243
5445,27.6344069
5450,27.6124818
5455,27.5918877
5460,27.5725691
5465,27.5745138
5470,27.5995182
5475,27.6257573
5480,27.6532868
5485,27.6821679
5490,27.7124682
5495,27.7442626
5500,27.777634
5505,27.8126749
5510,27.8494886
5515,27.8881907
5520,27.9289114
5525,27.9717978
5530,28.0170168
5535,28.0647591
5540,28.1152434
5545,28.1687225
5550,28.2254905
5555,28.2858922
5560,28.3503356
5565,28.4024819
5570,28.3987606
5575,28.3959547
5580,28.3940544
5585,28.3930512
5590,28.3929377
5595,28.3937075
5600,28.3953554
5605,28.397877
5610,28.4012691
5615,28.4055293
5620,28.4106565
5625,28.4166503
5630,28.4235114
5635,28.4312416
5640,28.4383767
5645,28.3769744
5650,28.3199619
5655,28.2668731
5660,28.2173165
5665,28.1709608
5670,28.1275225
5675,28.0867578
5680,28.0484552
5685,27.7571586
5690,27.2134306
5695,26.8591231
5700,26.5977433
5705,26.3919188
5710,26.2232063
5715,26.0811389
5720,25.9621403
5725,25.8628509
5730,25.7752201
5735,25.6973537
5740,25.6278175
5745,25.5655012
5750,25.5095284
5755,25.4591972
5760,25.4139377
5765,25.3732822
5770,25.3368437
5775,25.3042995
5780,25.2753792
5785,25.2498552
5790,25.2275358
5795,25.2082598
5800,25.1918914
5805,25.1783178
5810,25.1674454
5815,25.1591986
5820,25.1535174
5825,25.1503569
5830,25.1496855
5835,25.1514849
5840,25.1557498
5845,25.1624871
5850,25.1717168
5855,25.1834719
5860,25.1969543
5865,25.2105056
5870,25.2266772
5875,25.245539
5880,25.2671782
5885,25.2917007
5890,25.3192345
5895,25.3499319
5900,25.3839743
5905,25.4215769
5910,25.4619498
5915,25.5036686
5920,25.5495404
5925,25.5999318
5930,25.6552853
5935,25.7161386
5940,25.7831525
5945,25.8571485
5950,25.9391635
5955,26.0305289
5960,26.1329917
5965,26.2489039
5970,26.3815352
5975,26.5356183
5980,26.7183721
5985,26.941613
5990,27.2267302
5995,27.6189896
6000,28.0481514
6005,28.0221008
6010,27.9976359
6015,27.9746767
6020,27.9531511
6025,27.9329937
6030,27.9141458
6035,27.8965537
6040,27.9134136
6045,27.9367944
6050,27.961324
6055,27.9870461
6060,28.0140086
6065,28.0422643
6070,28.0718716
6075,28.1028951
6080,28.1354063
6085,28.1694847
6090,28.205219
6095,28.2427083
6100,28.2820635
6105,28.3234096
6110,28.366888
6115,28.4126591
6120,28.4609057
6125,28.511838
6130,28.5656981
6135,28.6227678
6140,28.6833768
6145,28.7479146
6150,28.8168453
6155,28.8355447
6160,28.8267042
6165,28.8185644
6170,28.811119
6175,28.8043626
6180,28.7982913
6185,28.7929021
6190,28.7881932
6195,28.7841639
6200,28.7808143
6205,28.7781458
6210,28.7761605
6215,28.7748616
6220,28.7742532
6225,28.7743404
6230,28.7252495
6235,28.6652675
6240,28.6095135
6245,28.557557
6250,28.5090358
6255,28.4636417
6260,28.4211107
6265,28.3812151
6270,28.3437568
6275,28.308563
6280,28.2754818
6285,28.2443791
6290,28.215136
6295,28.1876467
6300,28.1618167
6305,28.1375614
6310,28.1148045
6315,28.0934776
6320,28.0735186
6325,28.0960879
6330,28.1211817
6335,28.1475748
6340,28.1753239
6345,28.2044919
6350,28.2351479
6355,28.2673692
6360,28.3012413
6365,28.3368596
6370,28.3743312
6375,28.4137761
6380,28.4553299
6385,28.4991459
6390,28.5453991
6395,28.5942893
6400,28.646047
6405,28.7009392
6410,28.7592777
6415,28.8214294
6420,28.8878303
6425,28.9590035
6430,29.0355844
6435,29.0894778
6440,29.0887973
6445,28.4494059
6450,27.908064
6455,27.5573963
6460,27.3001965
6465,27.098904
6470,26.935009
6475,26.7980194
6480,26.6814138
6485,26.5808644
6490,26.4933557
6495,26.4167058
6500,26.3465409
6505,26.2810749
6510,26.2232634
6515,26.1721993
6520,26.1271623
6525,26.0875737
6530,26.0529643
6535,26.0229516
6540,25.9972226
6545,25.9755214
6550,25.9576398
6555,25.9434097
6560,25.9326981
6565,25.9254031
6570,25.9214504
6575,25.9207916
6580,25.9234032
6585,25.929285
6590,25.9384612
6595,25.9509804
6600,25.9669171
6605,25.9877815
6610,26.0156938
6615,26.0476696
6620,26.0839821
6625,26.1249649
6630,26.1710255
6635,26.2226642
6640,26.2804993
6645,26.3453027
6650,26.4180502
6655,26.499995
6660,26.5927785
6665,26.6986033
6670,26.8205151
6675,26.9628889
6680,27.1323273
6685,27.3394749
6690,27.6031677
6695,27.9618174
6700,28.515776
6705,28.9456899
6710,29.0020016
6715,29.0619614
6720,29.1259749
6725,29.1945265
6730,29.2160711
6735,29.211294
6740,29.2075615
6745,29.2048518
6750,29.2031456
6755,29.2024251
6760,29.2026746
6765,29.2038799
6770,29.2060286
6775,29.2091098
6780,29.2131142
6785,29.2180337
6790,29.223862
6795,29.2305939
6800,29.2382258
6805,29.1748921
6810,29.1157065
6815,29.0606965
6820,29.0094306
6825,28.9615453
6830,28.9167318
6835,28.8747252
6840,28.8352971
6845,28.798249
6850,28.7634076
6855,28.7306206
6860,28.6997534
6865,28.6706872
6870,28.6433157
6875,28.6175446
6880,28.5932889
6885,28.5704727
6890,28.5490274
6895,28.5288913
6900,28.5100085
6905,28.4923285
6910,28.4758054
6915,28.4603978
6920,28.4460679
6925,28.4534684
6930,28.4773257
6935,28.5023037
6940,28.5284497
6945,28.5558156
6950,28.5844584
6955,28.6144412
6960,28.6458333
6965,28.6787116
6970,28.7131618
6975,28.7492787
6980,28.7871688
6985,28.8269512
6990,28.8687601
6995,28.9127474
7000,28.9590855
7005,29.0079716
7010,29.0363181
7015,29.0286953
7020,29.0219501
7025,29.0160736
7030,29.0110581
7035,29.0068968
7040,29.0035843
7045,29.0011159
7050,28.999488
7055,28.9986981
7060,28.9987446
7065,28.9996266
7070,29.0013444
7075,29.0038993
7080,29.0072932
7085,29.0115293
7090,29.0166115
7095,29.0225449
7100,29.0293355
7105,29.0369904
7110,29.0320481
7115,28.9893755
7120,28.9493663
7125,28.9118139
7130,28.8765379
7135,28.8433801
7140,28.8122008
7145,28.7828763
7150,28.7552964
7155,28.7293627
7160,28.7049871
7165,28.6820902
7170,28.6606008
7175,28.6404541
7180,28.6472877
7185,28.6679241
7190,28.6896508
7195,28.7125046
7200,28.7365264
7205,28.7617612
7210,28.7882585
7215,28.8160732
7220,28.8452658
7225,28.8759035
7230,28.908061
7235,28.5986376
7240,28.2608256
7245,28.0157692
7250,27.8264894
7255,27.6747195
7260,27.550099
7265,27.4461942
7270,27.358747
7275,27.2848036
7280,27.2222421
7285,27.1694976
7290,27.1253939
7295,27.0890363
7300,27.0581928
7305,27.0276618
7310,27.0036055
7315,26.9856116
7320,26.9733735
7325,26.966675
7330,26.9653785
7335,26.9694192
7340,26.9788015
7345,26.9935994
7350,27.01396
7355,27.0401104
7360,27.0723694
7365,27.1111643
7370,27.1570558
7375,27.2091232
7380,27.2630335
7385,27.3259072
7390,27.3990206
7395,27.4840801
7400,27.5834154
7405,27.7002996
7410,27.8395095
7415,28.0083825
7420,28.21901
7425,28.4934469
7430,28.8788768
7435,28.9893182
7440,28.9616074
7445,28.9356022
7450,28.9112129
7455,28.8883592
7460,28.8669687
7465,28.8469762
7470,28.8283224
7475,28.8109537
7480,28.7948216
7485,28.7841294
7490,28.8039277
7495,28.8247723
7500,28.8466939
7505,28.8697258
7510,28.8939049
7515,28.9192716
7520,28.9458706
7525,28.9737508
7530,29.0029665
7535,29.0335775
7540,29.06565
7545,29.0992576
7550,29.134482
7555,29.1714146
7560,29.2101573
7565,29.2508248
7570,29.2935463
7575,29.338468
7580,29.3857563
7585,29.4356011
7590,29.488221
7595,29.5005008
7600,29.4925025
7605,29.4852247
7610,29.4786517
7615,29.4727692
7620,29.4675643
7625,29.4630258
7630,29.4591435
7635,29.4559086
7640,29.4533135
7645,29.4513519
7650,29.4500182
7655,29.4493084
7660,29.4492192
7665,29.4497485
7670,29.4508951
7675,29.452659
7680,29.4550408
7685,29.4580426
7690,29.458509
7695,29.4132834
7700,29.3708976
7705,29.3311244
7710,29.2937666
7715,29.2586516
7720,29.2256283
7725,29.1945629
7730,29.1653372
7735,29.1378458
7740,29.1119946
7745,29.0876996
7750,29.0648849
7755,29.0434827
7760,29.0234313
7765,29.0046753
7770,28.9871644
7775,28.9717243
7780,28.992946
7785,29.0152825
7790,29.0387745
7795,29.0634664
7800,29.0894075
7805,29.1166517
7810,29.1452584
7815,29.1752933
7820,29.206829
7825,29.2399464
7830,29.2747352
7835,29.3112956
7840,29.34974
7845,29.3901947
7850,29.4328023
7855,29.4777248
7860,29.5251467
7865,29.5752799
7870,29.6283686
7875,29.6271013
7880,29.6255091
7885,29.6247334
7890,29.6247627
7895,29.6255866
7900,29.627196
7905,29.6295829
7910,29.6327402
7915,29.6366622
7920,29.6413441
7925,29.5793818
7930,28.8794143
7935,28.4650519
7940,28.1721727
7945,27.9471695
7950,27.7657174
7955,27.6147014
7960,27.4862393
7965,27.3752243
7970,27.2730229
7975,27.1819752
7980,27.1013173
7985,27.0294572
7990,26.9651718
7995,26.9075023
8000,26.855684
8005,26.8090986
8010,26.7672405
8015,26.7296914
8020,26.6961032
8025,26.6661838
8030,26.6396871
8035,26.616405
8040,26.5970212
8045,26.5826236
8050,26.5709066
8055,26.5617851
8060,26.5551894
8065,26.5510648
8070,26.5493697
8075,26.5500752
8080,26.5531643
8085,26.5586317
8090,26.5664837
8095,26.5767384
8100,26.5894256
8105,26.6045879
8110,26.6222811
8115,26.6425756
8120,26.6655578
8125,26.6913316
8130,26.7200215
8135,26.7517747
8140,26.7867655
8145,26.8251997
8150,26.8673208
8155,26.9134179
8160,26.9638352
8165,27.0171928
8170,27.0727541
8175,27.133616
8180,27.2003977
8185,27.2738651
8190,27.3549792
8195,27.444966
8200,27.5454216
8205,27.6584746
8210,27.7870503
8215,27.9353221
8220,28.1095362
8225,28.3196566
8230,28.5830564
8235,28.9343584
8240,29.4602076
8245,29.9435642
8250,29.947731
8255,29.9289088
8260,29.8805525
8265,29.8353623
8270,29.7930629
8275,29.7534168
8280,29.716218
8285,29.6812868
8290,29.6484653
8295,29.6176143
8300,29.5886105
8305,29.5613442
8310,29.5357174
8315,29.5116424
8320,29.4890403
8325,29.4678402
8330,29.4479777
8335,29.4293951
8340,29.4120395
8345,29.3958634
8350,29.3808232
8355,29.3668796
8360,29.354966
8365,29.3750532
8370,29.396133
8375,29.4182374
8380,29.4414012
8385,29.4656628
8390,29.4910641
8395,29.5176513
8400,29.5454752
8405,29.5745919
8410,29.6050632
8415,29.6369574
8420,29.6703502
8425,29.705326
8430,29.7419787
8435,29.7804132
8440,29.8207476
8445,29.8631146
8450,29.9076646
8455,29.9096257
8460,29.9007486
8465,29.892739
8470,29.8855869
8475,29.8792834
8480,29.873821
8485,29.8691934
8490,29.8653955
8495,29.8624231
8500,29.8602734
8505,29.8589442
8510,29.8584349
8515,29.8587453
8520,29.8598767
8525,29.8618312
8530,29.8646118
8535,29.8682226
8540,29.8726688
8545,29.8779566
8550,29.8840932
8555,29.8910869
8560,29.8989473
8565,29.8973601
8570,29.8613612
8575,29.8275946
8580,29.79591
8585,29.7661742
8590,29.7382693
8595,29.71209
8600,29.6875422
8605,29.6645413
8610,29.6430111
8615,29.6228831
8620,29.6040949
8625,29.5987356
8630,29.6182893
8635,29.6389126
8640,29.6606381
8645,29.3683154
8650,28.9778195
8655,28.6953331
8660,28.4750887
8665,28.2955139
8670,28.1447082
8675,28.0154074
8680,27.9028517
8685,27.8037533
8690,27.7157471
8695,27.6370759
8700,27.5663996
8705,27.5026739
8710,27.4450701
8715,27.3929207
8720,27.3456813
8725,27.3029028
8730,27.2642115
8735,27.2292943
8740,27.1978871
8745,27.1663908
8750,27.1379833
8755,27.1126738
8760,27.0902959
8765,27.0707083
8770,27.0537906
8775,27.0394411
8780,27.0275742
8785,27.0181191
8790,27.011018
8795,27.0062254
8800,27.0037069
8805,27.0034388
8810,27.0054076
8815,27.0096099
8820,27.0160522
8825,27.0247512
8830,27.0330689
8835,27.0435902
8840,27.0564243
8845,27.0716152
8850,27.0892195
8855,27.1093064
8860,27.1319602
8865,27.1572814
8870,27.185389
8875,27.2164232
8880,27.2505491
8885,27.2879608
8890,27.3288867
8895,27.3735968
8900,27.4224117
8905,27.4757141
8910,27.5339647
8915,27.5977229
8920,27.6676758
8925,27.7446782
8930,27.8334288
8935,27.9341651
8940,28.0474983
8945,28.176389
8950,28.3250659
8955,28.4998698
8960,28.7109404
8965,28.976022
8970,29.3306821
8975,29.8648981
8980,29.9990309
8985,30.028614
8990,30.0596611
8995,30.0922463
9000,30.126452
9005,30.16237
9010,30.200103
9015,30.2397664
9020,30.2814899
9025,30.3254206
9030,30.3717255
9035,30.3932913
9040,30.3876274
9045,30.3827925
9050,30.3787674
9055,30.3755349
9060,30.3730792
9065,30.371386
9070,30.3704425
9075,30.3702373
9080,30.3707601
9085,30.3720023
9090,30.373956
9095,30.3766151
9100,30.3799741
9105,30.3840291
9110,30.3887771
9115,30.3942164
9120,30.4003463
9125,30.4071674
9130,30.4146814
9135,30.4228912
9140,30.4280739
9145,30.3877495
9150,30.3498539
9155,30.3142107
9160,30.2806656
9165,30.2490823
9170,30.2193405
9175,30.191333
9180,30.1649644
9185,30.1401494
9190,30.1168114
9195,30.0948815
9200,30.0742978
9205,30.0550041
9210,30.03695
9215,30.0200895
9220,30.0043812
9225,29.9897874
9230,29.976274
9235,29.9638101
9240,29.9806196
9245,30.001974
9250,30.0244156
9255,30.0479854
9260,30.0727282
9265,30.0986932
9270,30.1259344
9275,30.1545111
9280,30.1844887
9285,30.2159395
9290,30.2489435
9295,30.2835897
9300,30.3199771
9305,30.3582165
9310,30.3984324
9315,30.4108409
9320,30.4055806
9325,30.4012293
9330,30.3977737
9335,30.395202
9340,30.3935036
9345,30.3926692
9350,30.3926906
9355,30.393561
9360,30.3952744
9365,30.3978262
9370,30.4012126
9375,30.4054312
9380,30.4104805
9385,30.41636
9390,30.4230703
9395,30.4306133
9400,30.4389918
9405,30.4482097
9410,30.4582723
9415,30.4691859
9420,30.4809582
9425,30.4935982
9430,30.5071163
9435,30.491188
9440,30.3227009
9445,29.8429064
9450,29.5212005
9455,29.2816301
9460,29.0927164
9465,28.9383501
9470,28.8091792
9475,28.6992941
9480,28.6047261
9485,28.522685
9490,28.4511382
9495,28.3905811
9500,28.3412068
9505,28.2982559
9510,28.2611181
9515,28.2293045
9520,28.2024215
9525,28.1801525
9530,28.1622443
9535,28.148497
9540,28.1387564
9545,28.1329087
9550,28.1308767
9555,28.1326172
9560,28.1381198
9565,28.1474063
9570,28.1605317
9575,28.1775857
9580,28.1986959
9585,28.2240321
9590,28.2538124
9595,28.2883114
9600,28.327872
9605,28.371256
9610,28.415921
9615,28.4666644
9620,28.5241474
9625,28.5892061
9630,28.66291
9635,28.7466497
9640,28.8422694
9645,28.9522798
9650,29.0802109
9655,29.2312392
9660,29.4133873
9665,29.6400665
9670,29.9363068
9675,30.3578178
9680,30.7633632
9685,30.7672126
9690,30.7720338
9695,30.7778303
9700,30.7846073
9705,30.7923714
9710,30.8011311
9715,30.800695
9720,30.7641151
9725,30.7298426
9730,30.6977169
9735,30.6675961
9740,30.6393545
9745,30.6128804
9750,30.588074
9755,30.5648458
9760,30.5431154
9765,30.5228103
9770,30.5038651
9775,30.4862205
9780,30.4698226
9785,30.4546225
9790,30.4405759
9795,30.4276421
9800,30.4157842
9805,30.4049686
9810,30.3951645
9815,30.3878314
9820,30.4069653
9825,30.427027
9830,30.448041
9835,30.4700348
9840,30.4930381
9845,30.5170838
9850,30.5422079
9855,30.5684502
9860,30.5958541
9865,30.6244676
9870,30.6543435
9875,30.6855403
9880,30.7181224
9885,30.7521614
9890,30.7877367
9895,30.8151573
9900,30.805238
9905,30.7961136
9910,30.7877704
9915,30.7801965
9920,30.7733812
9925,30.7673152
9930,30.7619903
9935,30.7573998
9940,30.7535378
9945,30.7503996
9950,30.7479816
9955,30.7462813
9960,30.7452968
9965,30.7450276
9970,30.745474
9975,30.746637
9980,30.7485189
9985,30.7511228
9990,30.7544524
9995,30.7585129
10000,30.76331
10005,30.7688507
10010,30.7751426
10015,30.7821946
10020,30.7900168
10025,30.7986199
10030,30.8080163
10035,30.7905233
10040,30.7648313
10045,30.7407389
10050,30.7181659
10055,30.6970403
10060,30.6772971
10065,30.6588773
10070,30.6417276
10075,30.6257998
10080,30.6110498
10085,30.6122607
10090,30.6302852
10095,30.6493233
10100,30.6694032
10105,30.6905562
10110,30.7128165
10115,30.7362217
10120,30.7608133
10125,30.7866368
10130,30.8137423
10135,30.8421852
10140,30.8720268
10145,30.9033347
10150,30.9361842
10155,30.9706588
10160,31.006852
10165,31.0448682
10170,31.0848248
10175,30.4908823
10180,30.1066304
10185,29.8190704
10190,29.5980891
10195,29.4200156
10200,29.2720218
10205,29.1463718
10210,29.0380418
10215,28.9435859
10220,28.8605399
10225,28.787082
10230,28.7218295
10235,28.6637092
10240,28.6118737
10245,28.5656433
10250,28.5244663
10255,28.4878903
10260,28.4555412
10265,28.4271079
10270,28.4023304
10275,28.3809913
10280,28.3629081
10285,28.347929
10290,28.3359276
10295,28.3259687
10300,28.3162729
10305,28.3093603
10310,28.3051591
10315,28.3036145
10320,28.304687
10325,28.3083517
10330,28.3145978
10335,28.3234285
10340,28.3348605
10345,28.3489251
10350,28.3656682
10355,28.3851517
10360,28.4074545
10365,28.4326745
10370,28.4636985
10375,28.4983033
10380,28.5364598
10385,28.5784126
10390,28.6244537
10395,28.6749323
10400,28.7302688
10405,28.7909735
10410,28.8576713
10415,28.9311363
10420,29.0123416
10425,29.1025301
10430,29.203323
10435,29.3168863
10440,29.4462033
10445,29.5955415
10450,29.7713094
10455,29.983777
10460,30.2509671
10465,30.6091647
10470,31.1410777
10475,31.3291467
10480,31.3195856
10485,31.3110623
10490,31.3035474
10495,31.2970137
10500,31.2914366
10505,31.2867935
10510,31.2830635
10515,31.2802279
10520,31.2782695
10525,31.2771728
10530,31.2769236
10535,31.2775093
10540,31.2789188
10545,31.2811421
10550,31.2841706
10555,31.2879968
10560,31.2926144
10565,31.2980186
10570,31.3042053
10575,31.3111719
10580,31.3189167
10585,31.3274394
10590,31.3367408
10595,31.3468227
10600,31.3423137
10605,31.3129662
10610,31.2853692
10615,31.2594237
10620,31.2350411
10625,31.2121419
10630,31.1906546
10635,31.1705148
10640,31.1516643
10645,31.1340502
10650,31.117625
10655,31.1023451
10660,31.0881714
10665,31.075068
10670,31.0630025
10675,31.0519455
10680,31.0418701
10685,31.0582358
10690,31.0769175
10695,31.0965607
10700,31.1171948
10705,31.1388517
10710,31.1615665
10715,31.1853777
10720,31.2103273
10725,31.2364615
10730,31.2638307
10735,31.2924909
10740,31.3225033
10745,31.3539358
10750,31.3868633
10755,31.3977465
10760,31.3895556
10765,31.3823251
10770,31.3760381
10775,31.3706794
10780,31.3662353
10785,31.3626937
10790,31.3600437
10795,31.3582761
10800,31.3573825
10805,31.3573562
10810,31.3581913
10815,31.3598832
10820,31.3624287
10825,31.3658252
10830,31.3700717
10835,31.3751679
10840,31.381115
10845,31.387915
10850,31.3955711
10855,31.4040878
10860,31.4134707
10865,31.2033028
10870,30.7319385
10875,30.4075218
10880,30.1609635
10885,29.9628774
10890,29.7979992
10895,29.6570198
10900,29.5282501
10905,29.4155179
10910,29.3157093
10915,29.2265702
10920,29.1464166
10925,29.0739579
10930,29.0082855
10935,28.9515172
10940,28.8996535
10945,28.8522189
10950,28.8088164
10955,28.7691123
10960,28.7328236
10965,28.6997089
10970,28.669561
10975,28.6422017
10980,28.6174766
10985,28.5952523
10990,28.5754128
10995,28.5578576
11000,28.5424996
11005,28.5292635
11010,28.5180848
11015,28.5089083
11020,28.5016875
11025,28.4963839
11030,28.4929663
11035,28.4914105
11040,28.491699
11045,28.4935212
11050,28.4950419
11055,28.498391
11060,28.5035657
11065,28.510569
11070,28.5194101
11075,28.5301047
11080,28.5426748
11085,28.5571493
11090,28.5735644
11095,28.5919638
11100,28.6124001
11105,28.6349345
11110,28.6596389
11115,28.6865964
11120,28.715903
11125,28.7476696
11130,28.7820238
11135,28.8191129
11140,28.8591071
11145,28.9022039
11150,28.9486332
11155,28.9986638
11160,29.0526124
11165,29.1091022
11170,29.1684272
11175,29.2325961
11180,29.3021691
11185,29.3778316
11190,29.4604338
11195,29.5510471
11200,29.6510471
11205,29.7622392
11210,29.8870579
11215,30.0288963
11220,30.1926847
11225,30.3859847
11230,30.6212737
11235,30.9214138
11240,31.3357849
11245,31.5119851
11250,31.5019473
11255,31.5161846
11260,31.5327711
11265,31.5502812
11270,31.5687355
11275,31.5881569
11280,31.6085707
11285,31.6300043
11290,31.6524884
11295,31.6760562
11300,31.7007446
11305,31.7265938
11310,31.7536484
11315,31.7819572
11320,31.8115742
11325,31.842559
11330,31.8749775
11335,31.9089029
11340,31.9107643
11345,31.9023136
11350,31.8946676
11355,31.8878097
11360,31.8817256
11365,31.8764022
11370,31.8718279
11375,31.8679926
11380,31.8648876
11385,31.8625054
11390,31.8608397
11395,31.8598856
11400,31.8596391
11405,31.8600973
11410,31.8612587
11415,31.8631227
11420,31.8656897
11425,31.8689611
11430,31.8729397
11435,31.877629
11440,31.8830337
11445,31.8891596
11450,31.8960136
11455,31.9036037
11460,31.9119391
11465,31.9210301
11470,31.9308883
11475,31.9415268
11480,31.9529598
11485,31.928767
11490,31.9053148
11495,31.8833523
11500,31.8628121
11505,31.8436334
11510,31.8257611
11515,31.8091454
11520,31.793741
11525,31.7795069
11530,31.7664058
11535,31.7544039
11540,31.7465759
11545,31.7638895
11550,31.7821955
11555,31.801521
11560,31.8218955
11565,31.8433514
11570,31.865924
11575,31.8896523
11580,31.9145788
11585,31.9407503
11590,31.9682184
11595,31.9970397
11600,32.0272769
11605,32.0589991
11610,32.092283
11615,32.1272142
11620,32.157697
11625,32.1515812
11630,32.146368
11635,31.9093093
11640,31.4570611
11645,31.1443429
11650,30.9067149
11655,30.7162651
11660,30.5583462
11665,30.4243111
11670,30.3086282
11675,30.2075454
11680,30.1184025
11685,30.0392457
11690,29.9685996
11695,29.9053239
11700,29.8485207
11705,29.7974713
11710,29.7515932
11715,29.7104089
11720,29.6735233
11725,29.6406074
11730,29.6113856
11735,29.5856263
11740,29.5631344
11745,29.5437458
11750,29.5273227
11755,29.5124441
11760,29.4982263
11765,29.4867777
11770,29.4780142
11775,29.4718686
11780,29.4682887
11785,29.4672367
11790,29.4686882
11795,29.4726316
11800,29.4790684
11805,29.4880126
11810,29.4994912
11815,29.513942
11820,29.5330822
11825,29.5550001
11830,29.5798034
11835,29.6076217
11840,29.6386092
11845,29.6729495
11850,29.71086
11855,29.7525995
11860,29.7984761
11865,29.848859
11870,29.9041934
11875,29.9650205
11880,30.0320052
11885,30.1059745
11890,30.1879721
11895,30.2793395
11900,30.3818374
11905,30.4978386
11910,30.62738
11915,30.771639
11920,30.9413355
11925,31.1461063
11930,31.4026409
11935,31.7438442
11940,32.2504412
11945,32.3663882
11950,32.36309
11955,32.360744
11960,32.3593356
11965,32.3588517
11970,32.3592808
11975,32.3606129
11980,32.3628394
11985,32.3659532
11990,32.3699483
11995,32.3748205
12000,32.3805664
12005,32.3871843
12010,32.3946735
12015,32.4030349
12020,32.4122703
12025,32.4223833
12030,32.4333786
12035,32.4452623
12040,32.4580421
12045,32.4717271
12050,32.4863281
12055,32.4942218
12060,32.4710674
12065,32.4493709
12070,32.4290613
12075,32.4100744
12080,32.3923521
12085,32.3758419
12090,32.3604959
12095,32.3462709
12100,32.3331274
12105,32.3210296
12110,32.3099448
12115,32.2998435
12120,32.2906988
12125,32.2824861
12130,32.2751833
12135,32.2687704
12140,32.2632294
12145,32.274281
12150,32.2926712
12155,32.3119489
12160,32.3321393
12165,32.3532698
12170,32.3753705
12175,32.3984742
12180,32.4226169
12185,32.4478378
12190,32.4741801
12195,32.501691
12200,32.493231
12205,32.4830797
12210,32.4738419
12215,32.465501
12220,32.4580419
12225,32.4514511
12230,32.4457166
12235,32.4408277
12240,32.4367753
12245,32.4335511
12250,32.4311484
12255,32.4295615
12260,32.4287857
12265,32.4288176
12270,32.4296547
12275,32.4312956
12280,32.4337398
12285,32.4369879
12290,32.4410417
12295,32.4459037
12300,32.4515776
12305,32.4580681
12310,32.465381
12315,32.4735232
12320,32.4825026
12325,32.4923284
12330,32.5030111
12335,32.5145623
12340,32.5269951
12345,32.540324
12350,32.554565
12355,32.5697356
12360,32.5858553
12365,32.5934235
12370,32.5767195
12375,32.5612325
12380,32.5469167
12385,32.5337306
12390,32.5224289
12395,32.5358587
12400,32.5501737
12405,32.5653889
12410,32.3272064
12415,31.9646154
12420,31.7006437
12425,31.4948428
12430,31.327603
12435,31.1879199
12440,31.0689994
12445,30.9663537
12450,30.8768656
12455,30.7982839
12460,30.7289319
12465,30.6675294
12470,30.6130787
12475,30.5647895
12480,30.5220269
12485,30.4842751
12490,30.4469946
12495,30.413761
12500,30.3847152
12505,30.3595685
12510,30.3380808
12515,30.3200521
12520,30.3053169
12525,30.2937387
12530,30.2852066
12535,30.2796323
12540,30.2769479
12545,30.2771045
12550,30.2800705
12555,30.2858314
12560,30.2943892
12565,30.3057625
12570,30.319987
12575,30.337116
12580,30.357222
12585,30.3803983
12590,30.406761
12595,30.4364528
12600,30.4696461
12605,30.5065485
12610,30.5474094
12615,30.5925283
12620,30.642266
12625,30.6970595
12630,30.7555602
12635,30.8168512
12640,30.8845294
12645,30.9594399
12650,31.0426535
12655,31.1355517
12660,31.2399549
12665,31.358327
12670,31.4941141
12675,31.6523415
12680,31.8407488
12685,32.0721721
12690,32.3703011
12695,32.7552324
12700,32.7642662
12705,32.7778762
12710,32.7923792
12715,32.8077892
12720,32.8241218
12725,32.8413945
12730,32.8596264
12735,32.878839
12740,32.8990557
12745,32.9203024
12750,32.9426076
12755,32.9660025
12760,32.9905215
12765,33.0162025
12770,33.0430871
12775,33.0712209
12780,33.0610871
12785,33.0514851
12790,33.0427944
12795,33.0349892
12800,33.0280458
12805,33.0219424
12810,33.0166592
12815,33.0121782
12820,33.008483
12825,33.0055587
12830,33.003392
12835,33.0019708
12840,33.0012844
12845,33.0013235
12850,33.0020798
12855,33.0035464
12860,33.0057173
12865,33.0085877
12870,33.0121539
12875,33.0164134
12880,33.0213645
12885,33.0270068
12890,33.0333406
12895,33.0403677
12900,33.0480906
12905,33.0565131
12910,33.06564
12915,33.0754771
12920,33.0860316
12925,33.0973118
12930,33.1093271
12935,33.1220884
12940,33.1356079
12945,33.138896
12950,33.1216135
12955,33.1055534
12960,33.0906718
12965,33.0769284
12970,33.064287
12975,33.0527146
12980,33.0421811
12985,33.0326595
12990,33.0241251
12995,33.0277788
13000,33.0434658
13005,33.060065
13010,33.0775981
13015,33.0960886
13020,33.1155624
13025,33.1360479
13030,33.1575761
13035,33.1801809
13040,33.2038996
13045,33.2287728
13050,33.2548454
13055,33.2821663
13060,33.2944573
13065,33.2866784
13070,33.2798718
13075,33.2740152
13080,33.2690878
13085,33.265071
13090,33.2619478
13095,33.2597027
13100,33.2583221
13105,32.8969591
13110,32.499586
13115,32.2127194
13120,31.9891078
13125,31.8066433
13130,31.6531839
13135,31.5213392
13140,31.4062759
13145,31.3046594
13150,31.2140928
13155,31.1327954
13160,31.0594091
13165,30.9928744
13170,30.9323498
13175,30.8771559
13180,30.8267371
13185,30.7806334
13190,30.7384604
13195,30.6998939
13200,30.6646583
13205,30.6325181
13210,30.6032706
13215,30.5767411
13220,30.5527778
13225,30.5291706
13230,30.5074977
13235,30.4881478
13240,30.4710179
13245,30.4564521
13250,30.4449344
13255,30.4353644
13260,30.4276904
13265,30.4218683
13270,30.4178611
13275,30.4156381
13280,30.415175
13285,30.4164532
13290,30.4194596
13295,30.4241866
13300,30.4306316
13305,30.4387977
13310,30.4486928
13315,30.4603304
13320,30.4737294
13325,30.4889147
13330,30.5059171
13335,30.5247737
13340,30.545529
13345,30.5682347
13350,30.5915955
13355,30.6158114
13360,30.6420806
13365,30.6704771
13370,30.7010858
13375,30.7340041
13380,30.7693436
13385,30.8072321
13390,30.8478163
13395,30.8912653
13400,30.9377741
13405,30.9875693
13410,31.040915
13415,31.0981209
13420,31.1595536
13425,31.2256497
13430,31.2969347
13435,31.3740486
13440,31.4577801
13445,31.5491166
13450,31.6493161
13455,31.7600151
13460,31.8833972
13465,32.0224661
13470,32.1815161
13475,32.3669944
13480,32.5892356
13485,32.8663895
13490,33.2350555
13495,33.7008307
13500,33.7138472
13505,33.7278469
13510,33.7185278
13515,33.7003844
13520,33.6835197
13525,33.6678816
13530,33.6534227
13535,33.6401001
13540,33.6278744
13545,33.6167099
13550,33.6065741
13555,33.5974373
13560,33.5892725
13565,33.5820552
13570,33.5757628
13575,33.5703753
13580,33.5838167
13585,33.5992273
13590,33.6154795
13595,33.6325899
13600,33.6505766
13605,33.6694599
13610,33.6892617
13615,33.7100066
13620,33.7317211
13625,33.7544347
13630,33.7781794
13635,33.8029905
13640,33.813075
13645,33.801754
13650,33.7913697
13655,33.7819014
13660,33.7733302
13665,33.7656394
13670,33.7588138
13675,33.7528399
13680,33.7477059
13685,33.7434012
13690,33.7399166
13695,33.7372445
13700,33.7353782
13705,33.7343123
13710,33.7340427
13715,33.7345663
13720,33.735881
13725,33.7379859
13730,33.7408813
13735,33.7445683
13740,33.749049
13745,33.754327
13750,33.7604064
13755,33.7672929
13760,33.7749928
13765,33.783514
13770,33.7928654
13775,33.8030569
13780,33.8140999
13785,33.8260073
13790,33.838793
13795,33.8524726
13800,33.8670634
13805,33.8825843
13810,33.8990558
13815,33.9165007
13820,33.9233867
13825,33.9104284
13830,33.8986075
13835,33.5767716
13840,33.2261659
13845,32.9682074
13850,32.7620697
13855,32.5910212
13860,32.4453993
13865,32.3191159
13870,32.2080871
13875,32.1094397
13880,32.0210767
13885,31.9414204
13890,31.8692552
13895,31.8036243
13900,31.7437625
13905,31.689048
13910,31.6389694
13915,31.5931018
13920,31.5510885
13925,31.5126277
13930,31.4752525
13935,31.4400658
13940,31.4079636
13945,31.378752
13950,31.3522638
13955,31.3283541
13960,31.3068969
13965,31.2877828
13970,31.2709168
13975,31.2562163
13980,31.2436099
13985,31.2330363
13990,31.2244432
13995,31.2177863
14000,31.2130292
14005,31.2101423
14010,31.2091028
14015,31.2098943
14020,31.2125064
14025,31.2169348
14030,31.2231812
14035,31.2312534
14040,31.2411651
14045,31.2529365
14050,31.2665942
14055,31.282172
14060,31.2997111
14065,31.3192607
14070,31.3408791
14075,31.3646341
14080,31.3904695
14085,31.4162523
14090,31.4443349
14095,31.4748186
14100,31.5078206
14105,31.5434757
14110,31.58194
14115,31.6233942
14120,31.6680483
14125,31.7161474
14130,31.7679791
14135,31.8238833
14140,31.885909
14145,31.9537506
14150,32.0274616
14155,32.1078442
14160,32.1959047
14165,32.2929287
14170,32.4005931
14175,32.5211426
14180,32.6576766
14185,32.8146454
14190,32.9987698
14195,33.2209041
14200,33.5003201
14205,33.8765534
14210,34.4078418
14215,34.4229198
14220,34.4123852
14225,34.4028856
14230,34.394389
14235,34.3868663
14240,34.3802906
14245,34.3746374
14250,34.3698844
14255,34.3660112
14260,34.3629991
14265,34.3608315
14270,34.3594929
14275,34.3589698
14280,34.3592498
14285,34.3603222
14290,34.3621773
14295,34.3648068
14300,34.3682037
14305,34.3723623
14310,34.3772777
14315,34.3829465
14320,34.3893664
14325,34.3965362
14330,34.4044557
14335,34.413126
14340,34.4225494
14345,34.4327293
14350,34.4436703
14355,34.4553783
14360,34.4678606
14365,34.4811254
14370,34.4951829
14375,34.5100443
14380,34.5257226
14385,34.5422323
14390,34.5595896
14395,34.5683101
14400,34.5537904
14405,34.5403741
14410,34.528026
14415,34.5167142
14420,34.5064099
14425,34.4970867
14430,34.4887212
14435,34.4812917
14440,34.4747792
14445,34.4691664
14450,34.4644378
14455,34.4605797
14460,34.4698705
14465,34.4861397
14470,34.5032871
14475,34.5213346
14480,34.5403065
14485,34.5602291
14490,34.5811311
14495,34.6030437
14500,34.6162795
14505,34.6054961
14510,34.5957429
14515,34.5869948
14520,34.5792286
14525,34.5724237
14530,34.5665609
14535,34.5616231
14540,34.5575948
14545,34.5544622
14550,34.5522127
14555,34.5508354
14560,34.5503206
14565,34.5506599
14570,34.5518461
14575,34.5538733
14580,34.5567366
14585,34.5604325
14590,34.5649584
14595,34.5703127
14600,34.5764954
14605,34.583507
14610,34.5913495
14615,34.6000259
14620,34.6095404
14625,34.6198984
14630,34.3679642
14635,34.0449818
14640,33.80243
14645,33.6096479
14650,33.4508521
14655,33.3168414
14660,33.2017823
14665,33.1017445
14670,33.013956
14675,32.9363901
14680,32.8675218
14685,32.8061761
14690,32.7485765
14695,32.6949542
14700,32.64721
14705,32.6068575
14710,32.5709783
14715,32.5392197
14720,32.5112875
14725,32.4869348
14730,32.4659549
14735,32.448174
14740,32.4334468
14745,32.4216526
14750,32.4126922
14755,32.4064854
14760,32.4029695
14765,32.4020977
14770,32.403838
14775,32.4081729
14780,32.4150987
14785,32.4246254
14790,32.435933
14795,32.4471628
14800,32.4610453
14805,32.4776254
14810,32.4969643
14815,32.5191406
14820,32.5442518
14825,32.5724169
14830,32.6037794
14835,32.6385111
14840,32.6768165
14845,32.7189399
14850,32.7651728
14855,32.8158643
14860,32.8714357
14865,32.9323983
14870,32.9993788
14875,33.0731547
14880,33.1547036
14885,33.2452758
14890,33.3465028
14895,33.460567
14900,33.5904773
14905,33.7405432
14910,33.9172469
14915,34.130998
14920,34.4001188
14925,34.7616699
14930,35.0428369
14935,35.054743
14940,35.0675963
14945,35.0814111
14950,35.096203
14955,35.1119897
14960,35.1287911
14965,35.1466289
14970,35.1516764
14975,35.1391925
14980,35.1278375
14985,35.1175742
14990,35.1083689
14995,35.1001906
15000,35.0930111
15005,35.0868049
15010,35.0815484
15015,35.0772205
15020,35.0738018
15025,35.0712748
15030,35.0696238
15035,35.0830973
15040,35.0980906
15045,35.1139005
15050,35.1305393
15055,35.1480206
15060,35.1663597
15065,35.1855736
15070,35.2056811
15075,35.2267028
15080,35.2446206
15085,35.2325479
15090,35.2214211
15095,35.2112128
15100,35.2018982
15105,35.1934545
15110,35.1858611
15115,35.1790995
15120,35.1731528
15125,35.1680057
15130,35.1636447
15135,35.1600576
15140,35.1572336
15145,35.1551634
15150,35.1538386
15155,35.1532525
15160,35.1533991
15165,35.1542737
15170,35.1558728
15175,35.1581937
15180,35.161235
15185,35.1649962
15190,35.1694778
15195,35.1746813
15200,35.1806092
15205,35.1872651
15210,35.1946536
15215,35.2027802
15220,35.2116516
15225,35.2212756
15230,35.2316611
15235,35.2428182
15240,35.2547581
15245,35.2674934
15250,35.281038
15255,35.2954072
15260,35.310618
15265,35.3266887
15270,35.3436395
15275,35.3614925
15280,35.3802716
15285,35.400003
15290,35.3943383
15295,35.3874057
15300,35.3939719
15305,35.4064539
15310,35.4198014
15315,35.434027
15320,35.4491448
15325,35.4651706
15330,35.4821219
15335,35.5000181
15340,35.5188807
15345,35.5387333
15350,35.3438994
15355,34.9217753
15360,34.6232161
15365,34.3933529
15370,34.2001278
15375,34.0377627
15380,33.8997589
15385,33.7803683
15390,33.6757081
15395,33.5830327
15400,33.5003293
15405,33.4260793
15410,33.3591089
15415,33.2984932
15420,33.2434902
15425,33.1934969
15430,33.1480168
15435,33.1066365
15440,33.0690091
15445,33.0348411
15450,33.0038822
15455,32.9759181
15460,32.9507642
15465,32.9282611
15470,32.9082706
15475,32.8906729
15480,32.8753636
15485,32.8622526
15490,32.8512613
15495,32.8423224
15500,32.8353777
15505,32.830378
15510,32.827282
15515,32.8260557
15520,32.8266717
15525,32.8291095
15530,32.8333544
15535,32.8393978
15540,32.8472367
15545,32.8568743
15550,32.867613
15555,32.8785901
15560,32.8913764
15565,32.9060272
15570,32.9235994
15575,32.9430786
15580,32.9645063
15585,32.9879321
15590,33.0134136
15595,33.0410182
15600,33.0708234
15605,33.1029188
15610,33.1374069
15615,33.1744059
15620,33.2140513
15625,33.256499
15630,33.3019293
15635,33.3505508
15640,33.4026064
15645,33.4583803
15650,33.5182075
15655,33.5797161
15660,33.6444635
15665,33.7141561
15670,33.7893693
15675,33.8708077
15680,33.9593459
15685,34.0560878
15690,34.1624527
15695,34.2803084
15700,34.4121806
15705,34.5616035
15710,34.7337384
15715,34.9365564
15720,35.1833388
15725,35.4987793
15730,35.8542092
15735,35.8543887
15740,35.8554396
15745,35.8573508
15750,35.8601131
15755,35.8637183
15760,35.8681594
15765,35.873431
15770,35.8795286
15775,35.8864492
15780,35.8941906
15785,35.9027521
15790,35.9121341
15795,35.9223383
15800,35.9333673
15805,35.9452254
15810,35.9579178
15815,35.9714513
15820,35.9858338
15825,36.0010747
15830,36.0171852
15835,36.0341777
15840,36.0520664
15845,36.0708673
15850,36.0905983
15855,36.0914778
15860,36.0827691
15865,36.0750226
15870,36.0682148
15875,36.0623241
15880,36.0573314
15885,36.0532191
15890,36.0499717
15895,36.0475752
15900,36.0552162
15905,36.0689825
15910,36.083552
15915,36.0989385
15920,36.1151571
15925,36.1322249
15930,36.1501604
15935,36.168984
15940,36.1884817
15945,36.1755024
15950,36.1636229
15955,36.1528117
15960,36.1430405
15965,36.1342831
15970,36.1265161
15975,36.119718
15980,36.1138695
15985,36.1089529
15990,36.1049527
15995,36.1018546
16000,36.099646
16005,36.098316
16010,36.0978547
16015,36.0982538
16020,36.0995061
16025,36.1016059
16030,36.1045483
16035,36.1083299
16040,36.1129484
16045,36.1184024
16050,35.9398653
16055,35.6017198
16060,35.3452787
16065,35.1391732
16070,34.9673242
16075,34.8203806
16080,34.6924212
16085,34.5794581
16090,34.4786777
16095,34.3880201
16100,34.3059323
16105,34.2312147
16110,34.1629213
16115,34.1002933
16120,34.0427131
16125,33.9896712
16130,33.940743
16135,33.8966382
16140,33.8563622
16145,33.8191644
16150,33.7846134
16155,33.7502871
16160,33.7186743
16165,33.6896136
16170,33.6629636
16175,33.6386004
16180,33.6164147
16185,33.5963104
16190,33.5782024
16195,33.5620157
16200,33.547684
16205,33.5351487
16210,33.5243587
16215,33.5152687
16220,33.5078397
16225,33.5020377
16230,33.4978339
16235,33.493508
16240,33.4904096
16245,33.4888737
16250,33.4888815
16255,33.4904182
16260,33.4934731
16265,33.4980392
16270,33.5041134
16275,33.5116962
16280,33.5207919
16285,33.5314088
16290,33.5435588
16295,33.5572579
16300,33.5725264
16305,33.5893887
16310,33.6078744
16315,33.6280177
16320,33.6498583
16325,33.673442
16330,33.6988209
16335,33.7260544
16340,33.75521
16345,33.7863641
16350,33.8196033
16355,33.8550258
16360,33.892743
16365,33.9328819
16370,33.9755872
16375,34.0210244
16380,34.0693841
16385,34.1208861
16390,34.175786
16395,34.2343822
16400,34.2970266
16405,34.3641367
16410,34.4362133
16415,34.5138634
16420,34.5948852
16425,34.6815854
16430,34.7759103
16435,34.8791382
16440,34.9929341
16445,35.1195225
16450,35.2619697
16455,35.4246697
16460,35.6144364
16465,35.8472616
16470,36.1398248
16475,36.5347327
16480,36.7766602
16485,36.7901193
16490,36.8044207
16495,36.8195751
16500,36.8355949
16505,36.8524941
16510,36.8702881
16515,36.8889942
16520,36.9034037
16525,36.891164
16530,36.8799427
16535,36.8697064
16540,36.8604246
16545,36.8520696
16550,36.844616
16555,36.8380406
16560,36.8323227
16565,36.827443
16570,36.8233844
16575,36.8201315
16580,36.8176701
16585,36.815988
16590,36.8150742
16595,36.814919
16600,36.8155141
16605,36.8168523
16610,36.818928
16615,36.8217363
16620,36.8252736
16625,36.8295376
16630,36.8345268
16635,36.8402411
16640,36.8466812
16645,36.853849
16650,36.8617476
16655,36.8703811
16660,36.8797546
16665,36.8898746
16670,36.9007487
16675,36.9123855
16680,36.9247951
16685,36.9379888
16690,36.9519794
16695,36.9667811
16700,36.9824094
16705,36.9988819
16710,37.0162174
16715,37.034437
16720,37.0535634
16725,37.0736219
16730,37.0946398
16735,37.111062
16740,37.1049888
16745,37.0998724
16750,37.0956951
16755,37.0924412
16760,37.0996906
16765,37.1126507
16770,37.1264684
16775,37.1411573
16780,37.1567329
16785,37.1732119
16790,37.1906131
16795,37.2089569
16800,37.2282658
16805,37.2485644
16810,37.238011
16815,37.2276289
16820,37.218319
16825,37.2100498
16830,37.1640628
16835,36.7567066
16840,36.4653197
16845,36.2395454
16850,36.0561788
16855,35.9025918
16860,35.7711461
16865,35.6568687
16870,35.5563408
16875,35.4671119
16880,35.3873662
16885,35.3157216
16890,35.2511023
16895,35.1926553
16900,35.1396936
16905,35.0916565
16910,35.048081
16915,35.0085813
16920,34.9728329
16925,34.9405613
16930,34.911533
16935,34.8855483
16940,34.8624358
16945,34.8420483
16950,34.8242595
16955,34.8089605
16960,34.7960583
16965,34.7854736
16970,34.7771395
16975,34.7710001
16980,34.7670098
16985,34.7651323
16990,34.7653403
16995,34.7676148
17000,34.7719451
17005,34.7783283
17010,34.7858806
17015,34.7944628
17020,34.8054019
17025,34.8184412
17030,34.8336109
17035,34.8509504
17040,34.8705089
17045,34.8923463
17050,34.9165343
17055,34.9431578
17060,34.9723161
17065,35.0041256
17070,35.0387218
17075,35.0762627
17080,35.1169325
17085,35.1609467
17090,35.2085583
17095,35.2571523
17100,35.3088275
17105,35.3647834
17110,35.4254445
17115,35.4913238
17120,35.5630467
17125,35.641386
17130,35.7273097
17135,35.8220521
17140,35.9272188
17145,36.0449512
17150,36.1781918
17155,36.3311401
17160,36.5100852
17165,36.725069
17170,36.9936272
17175,37.350793
17180,37.5496574
17185,37.5516869
17190,37.5545966
17195,37.558379
17200,37.5630282
17205,37.5685394
17210,37.5749091
17215,37.5821353
17220,37.590217
17225,37.5991544
17230,37.6089493
17235,37.6196044
17240,37.6311238
17245,37.6435132
17250,37.6567793
17255,37.6709304
17260,37.6859763
17265,37.7019282
17270,37.7187992
17275,37.7366037
17280,37.7553584
17285,37.7750817
17290,37.7957941
17295,37.8175185
17300,37.8402801
17305,37.864107
17310,37.8771282
17315,37.8725821
17320,37.8689181
17325,37.866118
17330,37.8641656
17335,37.8630465
17340,37.8627475
17345,37.8632573
17350,37.8645658
17355,37.8666645
17360,37.8695461
17365,37.8740196
17370,37.8889914
17375,37.9047293
17380,37.9212462
17385,37.9187099
17390,37.904989
17395,37.8923282
17400,37.8806954
17405,37.8700611
17410,37.8603986
17415,37.8516837
17420,37.8438944
17425,37.8370106
17430,37.8310143
17435,37.8258893
17440,37.821621
17445,37.8181963
17450,37.8156036
17455,37.8138327
17460,37.8128749
17465,37.8127224
17470,37.8133689
17475,37.8148091
17480,37.8170389
17485,37.8200554
17490,37.8238565
17495,37.8284414
17500,37.8338103
17505,37.8399644
17510,37.8469059
17515,37.8546382
17520,37.8631656
17525,37.8724937
17530,37.8826289
17535,37.8935791
17540,37.9053531
17545,37.9179611
17550,37.9314145
17555,37.9457262
17560,37.9609104
17565,37.9769828
17570,37.9939609
17575,38.0118637
17580,38.0307123
17585,38.0505296
17590,38.0713407
17595,37.770201
17600,37.4679162
17605,37.2366101
17610,37.0504085
17615,36.895525
17620,36.7614309
17625,36.6408975
17630,36.5358006
17635,36.4432101
17640,36.3609929
17645,36.2875483
17650,36.2216452
17655,36.1623172
17660,36.1087927
17665,36.0604463
17670,36.016765
17675,35.9756279
17680,35.9366497
17685,35.9014993
17690,35.8698811
17695,35.8415438
17700,35.8162729
17705,35.7938843
17710,35.7742196
17715,35.7571423
17720,35.7425345
17725,35.7302946
17730,35.7203354
17735,35.7125822
17740,35.7069713
17745,35.7034494
17750,35.7019724
17755,35.7025048
17760,35.7050189
17765,35.7094948
17770,35.7159196
17775,35.7242877
17780,35.7346002
17785,35.7468655
17790,35.7610988
17795,35.7773226
17800,35.7955672
17805,35.8158709
17810,35.8382805
17815,35.8628522
17820,35.8896525
17825,35.9187594
17830,35.9502635
17835,35.98427
17840,36.0209005
17845,36.0602958
17850,36.1026191
17855,36.1480596
17860,36.1968378
17865,36.2492115
17870,36.3054843
17875,36.3660154
17880,36.4312336
17885,36.4993483
17890,36.5709974
17895,36.6491096
17900,36.7352003
17905,36.8293402
17910,36.9328976
17915,37.0476679
17920,37.1760703
17925,37.3214738
17930,37.4887686
17935,37.6854448
17940,37.923839
17945,38.2264943
17950,38.641885
17955,38.727737
17960,38.7294059
17965,38.7144074
17970,38.7006267
17975,38.6880149
17980,38.6765275
17985,38.6661241
17990,38.6567674
17995,38.6484236
18000,38.6410615
18005,38.6346528
18010,38.6291714
18015,38.6245937
18020,38.6208978
18025,38.618064
18030,38.6160743
18035,38.6149124
18040,38.6145634
18045,38.615014
18050,38.6162525
18055,38.6182682
18060,38.6210518
18065,38.6245953
18070,38.6288919
18075,38.6339358
18080,38.6397225
18085,38.6462486
18090,38.6535115
18095,38.6615101
18100,38.6702442
18105,38.6797145
18110,38.6899231
18115,38.7008731
18120,38.7125686
18125,38.7250151
18130,38.7382189
18135,38.752188
18140,38.7669314
18145,38.7824594
18150,38.7987839
18155,38.815918
18160,38.8338767
18165,38.8526765
18170,38.8723355
18175,38.8928739
18180,38.914314
18185,38.9366802
18190,38.9599992
18195,38.9843004
18200,38.9930045
18205,38.9921887
18210,39.0006815
18215,39.0118685
18220,39.0238527
18225,39.0366431
18230,39.0502502
18235,39.0646858
18240,39.0799629
18245,39.0953926
18250,39.0817608
18255,39.0693324
18260,39.0580652
18265,39.047921
18270,39.0388647
18275,39.0308644
18280,39.0238908
18285,38.941234
18290,38.548643
18295,38.2625045
18300,38.0378931
18305,37.8535362
18310,37.6976632
18315,37.5630734
18320,37.4450387
18325,37.340287
18330,37.24646
18335,37.1618014
18340,37.0849685
18345,37.0149118
18350,36.9507954
18355,36.8919432
18360,36.8378005
18365,36.787907
18370,36.7418766
18375,36.6993825
18380,36.660146
18385,36.6239274
18390,36.5905195
18395,36.5597424
18400,36.5314385
18405,36.50547
18410,36.4817153
18415,36.4600671
18420,36.4406063
18425,36.4235163
18430,36.408255
18435,36.3947592
18440,36.382973
18445,36.3728467
18450,36.3643365
18455,36.3574039
18460,36.3520151
18465,36.3481409
18470,36.3457563
18475,36.3448399
18480,36.3438947
18485,36.3440568
18490,36.3456606
18495,36.3486927
18500,36.3531433
18505,36.3590056
18510,36.3662762
18515,36.3749547
18520,36.3850438
18525,36.3965492
18530,36.40948
18535,36.4229976
18540,36.4368954
18545,36.4522342
18550,36.46903
18555,36.4873025
18560,36.5070748
18565,36.5283742
18570,36.5512322
18575,36.5756848
18580,36.6017728
18585,36.6295425
18590,36.6590463
18595,36.6903429
18600,36.7234984
18605,36.7585873
18610,36.7956932
18615,36.8349102
18620,36.8763448
18625,36.9201171
18630,36.9663634
18635,37.0152388
18640,37.0669207
18645,37.1216126
18650,37.1795497
18655,37.2410048
18660,37.3062976
18665,37.3758045
18670,37.4499736
18675,37.5293434
18680,37.6145687
18685,37.7064566
18690,37.806017
18695,37.9145374
18700,38.0336939
18705,38.165726
18710,38.313721
18715,38.4821047
18720,38.6775486
18725,38.9108064
18730,39.2009224
18735,39.5868182
18740,39.7045986
18745,39.7255219
18750,39.7475239
18755,39.7706341
18760,39.7948849
18765,39.7929301
18770,39.7914758
18775,39.7908843
18780,39.7911419
18785,39.7922367
18790,39.8007623
18795,39.8113145
18800,39.8226265
18805,39.8347027
18810,39.8475487
18815,39.8611715
18820,39.8755788
18825,39.8792514
18830,39.8642349
18835,39.8503439
18840,39.837539
18845,39.8257843
18850,39.8150473
18855,39.8052986
18860,39.7965111
18865,39.7886605
18870,39.7817246
18875,39.7756835
18880,39.7705191
18885,39.7662151
18890,39.7627569
18895,39.7601315
18900,39.7583276
18905,39.7573349
18910,39.7571448
18915,39.75775
18920,39.759144
18925,39.7613221
18930,39.7642803
18935,39.7680159
18940,39.7725273
18945,39.7778139
18950,39.7838763
18955,39.7907162
18960,39.7983362
18965,39.8067401
18970,39.8159328
18975,39.8259203
18980,39.8367098
18985,39.8483096
18990,39.8607293
18995,39.8739797
19000,39.888073
19005,39.9030229
19010,39.9188444
19015,39.9355542
19020,39.9531707
19025,39.971714
19030,39.8501828
19035,39.5480913
19040,39.3162763
19045,39.1275664
19050,38.9681712
19055,38.8306343
19060,38.7100818
19065,38.6031523
19070,38.5074289
19075,38.41843
19080,38.3353886
19085,38.2600036
19090,38.19128
19095,38.1284228
19100,38.0707866
19105,38.0178408
19110,37.9691443
19115,37.9226561
19120,37.878168
19125,37.8372474
19130,37.799623
19135,37.7650616
19140,37.7333619
19145,37.7043492
19150,37.677871
19155,37.6537943
19160,37.632002
19165,37.6123915
19170,37.5948725
19175,37.5793655
19180,37.5658005
19185,37.5541163
19190,37.5442592
19195,37.5361825
19200,37.529846
19205,37.5252151
19210,37.5222609
19215,37.5209594
19220,37.5212915
19225,37.5232429
19230,37.5268035
19235,37.5319677
19240,37.5387343
19245,37.5471062
19250,37.5570908
19255,37.5687
19260,37.5819503
19265,37.5968627
19270,37.6134637
19275,37.6317848
19280,37.6518637
19285,37.6737438
19290,37.697476
19295,37.7231184
19300,37.7507374
19305,37.7804093
19310,37.8122207
19315,37.8462703
19320,37.8828613
19325,37.9223557
19330,37.9645169
19335,38.0091815
19340,38.0544832
19345,38.1028466
19350,38.1545074
19355,38.2097406
19360,38.2688696
19365,38.3322771
19370,38.4004206
19375,38.4738522
19380,38.5532458
19385,38.6394357
19390,38.7334706
19395,38.8366937
19400,38.9451527
19405,39.0653408
19410,39.200237
19415,39.353713
19420,39.5314959
19425,39.7425834
19430,40.0023309
19435,40.340343
19440,40.6218294
19445,40.6146691
19450,40.6085004
19455,40.6032967
19460,40.5990336
19465,40.5956888
19470,40.5932422
19475,40.5916752
19480,40.5909714
19485,40.5911157
19490,40.5920947
19495,40.5938964
19500,40.5965103
19505,40.599927
19510,40.6041386
19515,40.6091385
19520,40.6149211
19525,40.621482
19530,40.6288183
19535,40.6369278
19540,40.6458097
19545,40.6554643
19550,40.6658931
19555,40.6770988
19560,40.6890851
19565,40.701857
19570,40.715421
19575,40.7297847
19580,40.7449569
19585,40.760948
19590,40.77777
19595,40.7954362
19600,40.8139618
19605,40.8333637
19610,40.8536604
19615,40.874873
19620,40.8970243
19625,40.9201397
19630,40.9442472
19635,40.9693775
19640,40.9955644
19645,41.0228452
19650,41.0373514
19655,41.0381923
19660,41.0398328
19665,41.0422669
19670,41.0454899
19675,41.0494986
19680,41.0542907
19685,41.05914
19690,41.0423236
19695,41.0267616
19700,41.0124072
19705,40.9992177
19710,40.9871543
19715,40.9761818
19720,40.9662679
19725,40.9573834
19730,40.9495016
19735,40.9425982
19740,40.9366512
19745,40.9316406
19750,40.9275483
19755,40.924358
19760,40.9220549
19765,40.9206261
19770,40.9200598
19775,40.9203458
19780,40.9214753
19785,40.9234406
19790,40.9262352
19795,40.9298542
19800,40.9342933
19805,40.9395498
19810,40.9456218
19815,40.9525087
19820,40.9602111
19825,40.6900704
19830,40.4292678
19835,40.2233668
19840,40.0542269
19845,39.9115206
19850,39.7888059
19855,39.681794
19860,39.5874858
19865,39.5037028
19870,39.4292555
19875,39.3630652
19880,39.3034057
19885,39.2495194
19890,39.2007914
19895,39.1567169
19900,39.116877
19905,39.080921
19910,39.0485532
19915,39.0195225
19920,38.9936147
19925,38.9706468
19930,38.9504614
19935,38.9329234
19940,38.9179167
19945,38.9038895
19950,38.8907844
19955,38.8800397
19960,38.8715778
19965,38.8653334
19970,38.8612518
19975,38.8592885
19980,38.8567842
19985,38.8562149
19990,38.8577013
19995,38.8612195
20000,38.8667535
20005,38.8742949
20010,38.8838429
20015,38.8954042
20020,38.9089931
20025,38.9246318
20030,38.9423507
20035,38.9621887
20040,38.984194
20045,39.0084249
20050,39.0349508
20055,39.0638532
20060,39.0952275
20065,39.1291846
20070,39.1658535
20075,39.2053839
20080,39.2479497
20085,39.2937538
20090,39.3430331
20095,39.3960662
20100,39.453182
20105,39.5147721
20110,39.5813065
20115,39.6533548
20120,39.7316153
20125,39.816956
20130,39.9104729
20135,40.0135764
20140,40.1281228
20145,40.256623
20150,40.4025899
20155,40.5711527
20160,40.7702275
20165,41.012991
20170,41.3239014
20175,41.5934836
20180,41.611892
20185,41.6313041
20190,41.6517444
20195,41.67324
20200,41.6958206
20205,41.719519
20210,41.7443711
20215,41.7704164
20220,41.7976986
20225,41.8085577
20230,41.8104362
20235,41.8131554
20240,41.817752
20245,41.8262652
20250,41.835541
20255,41.8455798
20260,41.8563833
20265,41.8597648
20270,41.8423853
20275,41.8262325
20280,41.8112546
20285,41.7974044
20290,41.7846392
20295,41.7729197
20300,41.7622105
20305,41.7524789
20310,41.7436953
20315,41.7358326
20320,41.7288662
20325,41.7227735
20330,41.7175341
20335,41.7131294
20340,41.7095427
20345,41.7067587
20350,41.7047639
20355,41.7035461
20360,41.7030946
20365,41.7033999
20370,41.7044537
20375,41.7062493
20380,41.7087806
20385,41.712043
20390,41.716033
20395,41.720748
20400,41.7261866
20405,41.7323483
20410,41.7392339
20415,41.746845
20420,41.7551844
20425,41.7642559
20430,41.7740643
20435,41.7846157
20440,41.7959171
20445,41.807977
20450,41.8208047
20455,41.8344111
20460,41.8488082
20465,41.8640095
20470,41.88003
20475,41.8968863
20480,41.9145964
20485,41.9331804
20490,41.9557407
20495,41.9812109
20500,42.0077659
20505,42.0354483
20510,42.0643049
20515,42.0943873
20520,42.1257519
20525,42.158461
20530,42.1925834
20535,41.9860843
20540,41.6278925
20545,41.3506831
20550,41.1322427
20555,40.9483294
20560,40.7893948
20565,40.6528626
20570,40.5336291
20575,40.4281948
20580,40.3340556
20585,40.249358
20590,40.172692
20595,40.10296
20600,40.039291
20605,39.9809828
20610,39.9274612
20615,39.8782506
20620,39.8329533
20625,39.7912332
20630,39.7528045
20635,39.7174217
20640,39.6848732
20645,39.6549754
20650,39.6275681
20655,39.6025109
20660,39.5796808
20665,39.5590395
20670,39.5406195
20675,39.524128
20680,39.5094912
20685,39.4966438
20690,39.4855279
20695,39.4760924
20700,39.4682924
20705,39.4620885
20710,39.4574461
20715,39.4543357
20720,39.4527318
20725,39.452613
20730,39.453962
20735,39.4567649
20740,39.4610113
20745,39.4666943
20750,39.4738102
20755,39.4823587
20760,39.4923427
20765,39.5037684
20770,39.5166454
20775,39.5309865
20780,39.5468083
20785,39.564131
20790,39.5829787
20795,39.6033796
20800,39.6253663
20805,39.6482447
20810,39.6715038
20815,39.6964042
20820,39.7229899
20825,39.7513109
20830,39.7814234
20835,39.8133907
20840,39.8450476
20845,39.8784509
20850,39.9138114
20855,39.9512115
20860,39.9907442
20865,40.0325145
20870,40.0766408
20875,40.1232573
20880,40.1725167
20885,40.2245931
20890,40.2796864
20895,40.3380268
20900,40.3998813
20905,40.4655617
20910,40.5354349
20915,40.6099363
20920,40.6895879
20925,40.7750228
20930,40.8670186
20935,40.9665452
20940,41.0748336
20945,41.1934795
20950,41.3246023
20955,41.4711047
20960,41.6371127
20965,41.8287798
20970,42.0558821
20975,42.3353787
20980,42.4938971
20985,42.4998308
20990,42.5065887
20995,42.5141698
21000,42.5225746
21005,42.5318047
21010,42.5418629
21015,42.5527534
21020,42.5644816
21025,42.5770542
21030,42.5904792
21035,42.6047661
21040,42.6199259
21045,42.6359712
21050,42.6529161
21055,42.6707767
21060,42.6895707
21065,42.7093181
21070,42.7300408
21075,42.7517632
21080,42.7745122
21085,42.7983176
21090,42.823212
21095,42.8492315
21100,42.8764158
21105,42.9048089
21110,42.9125517
21115,42.9194321
21120,42.9270371
21125,42.9353696
21130,42.9217543
21135,42.902017
21140,42.883589
21145,42.8664172
21150,42.8504536
21155,42.8356545
21160,42.8219803
21165,42.8093948
21170,42.7978653
21175,42.7873618
21180,42.7778572
21185,42.7693268
21190,42.7617481
21195,42.7551009
21200,42.7493667
21205,42.7445291
21210,42.7405731
21215,42.7374856
21220,42.7352547
21225,42.7338703
21230,42.7333232
21235,42.733606
21240,42.7136812
21245,42.4222912
21250,42.191466
21255,42.0007217
21260,41.8394705
21265,41.6990297
21270,41.5748572
21275,41.4637926
21280,41.3635475
21285,41.2724114
21290,41.1890721
21295,41.1125003
21300,41.0418744
21305,40.9765275
21310,40.9159113
21315,40.8595695
21320,40.8071184
21325,40.7582324
21330,40.712633
21335,40.6700802
21340,40.6303658
21345,40.5933086
21350,40.5587494
21355,40.5265483
21360,40.4965817
21365,40.46874
21370,40.4429258
21375,40.4190525
21380,40.3970426
21385,40.376827
21390,40.3583441
21395,40.3415386
21400,40.3263612
21405,40.3125348
21410,40.2985728
21415,40.2861808
21420,40.2742607
21425,40.2629916
21430,40.2532394
21435,40.2449716
21440,40.2381593
21445,40.2327776
21450,40.228805
21455,40.2262234
21460,40.2250181
21465,40.225177
21470,40.2266914
21475,40.2295551
21480,40.2337651
21485,40.2393208
21490,40.2462248
21495,40.2544822
21500,40.2641012
21505,40.2750929
21510,40.2874715
21515,40.3012542
21520,40.3164619
21525,40.3331189
21530,40.3512532
21535,40.370897
21540,40.3920872
21545,40.4148653
21550,40.439278
21555,40.4653782
21560,40.4932252
21565,40.5228856
21570,40.5544343
21575,40.5879554
21580,40.6235438
21585,40.6613512
21590,40.701613
21595,40.7443202
21600,40.7896311
