0,1,0,0,0
0.1,0.99984,0.012189,0.0094622,-0.0087224
0.2,0.99937,0.024319,0.018997,-0.017434
0.3,0.99859,0.036387,0.028601,-0.026131
0.4,0.99749,0.048388,0.038271,-0.034811
0.5,0.99608,0.06032,0.048004,-0.04347
0.6,0.99435,0.072178,0.057796,-0.052105
0.7,0.99232,0.083959,0.067643,-0.060712
0.8,0.98997,0.095659,0.077544,-0.069288
0.9,0.98731,0.10727,0.087493,-0.077829
1,0.98434,0.1188,0.097488,-0.086333
1.1,0.98107,0.13024,0.10753,-0.094796
1.2,0.97748,0.14158,0.1176,-0.10322
1.3,0.97359,0.15282,0.12771,-0.11159
1.4,0.9694,0.16397,0.13786,-0.11991
1.5,0.9649,0.175,0.14803,-0.12817
1.6,0.9601,0.18593,0.15823,-0.13638
1.7,0.955,0.19674,0.16845,-0.14453
1.8,0.9496,0.20744,0.17869,-0.15262
1.9,0.94391,0.21802,0.18895,-0.16064
2,0.93792,0.22848,0.19922,-0.16859
2.1,0.93163,0.23881,0.2095,-0.17647
2.2,0.92506,0.24901,0.21978,-0.18427
2.3,0.9182,0.25909,0.23006,-0.19199
2.4,0.91105,0.26902,0.24035,-0.19963
2.5,0.90362,0.27882,0.25063,-0.20719
2.6,0.8959,0.28847,0.2609,-0.21465
2.7,0.88791,0.29798,0.27116,-0.22203
2.8,0.87964,0.30735,0.28141,-0.22931
2.9,0.8711,0.31656,0.29164,-0.23649
3,0.86228,0.32562,0.30185,-0.24358
3.1,0.8532,0.33452,0.31203,-0.25056
3.2,0.84386,0.34326,0.32219,-0.25743
3.3,0.83425,0.35184,0.33232,-0.2642
3.4,0.82439,0.36025,0.34242,-0.27085
3.5,0.81426,0.36849,0.35248,-0.27739
3.6,0.80389,0.37657,0.3625,-0.28381
3.7,0.79327,0.38447,0.37248,-0.29011
3.8,0.78241,0.39219,0.38241,-0.29629
3.9,0.7713,0.39974,0.39229,-0.30234
4,0.75996,0.40711,0.40213,-0.30826
4.1,0.74838,0.41429,0.4119,-0.31405
4.2,0.73657,0.42128,0.42162,-0.31971
4.3,0.72454,0.42809,0.43128,-0.32523
4.4,0.71229,0.43471,0.44088,-0.33061
4.5,0.69982,0.44113,0.45041,-0.33584
4.6,0.68713,0.44736,0.45987,-0.34093
4.7,0.67424,0.45339,0.46926,-0.34588
4.8,0.66114,0.45923,0.47858,-0.35067
4.9,0.64784,0.46486,0.48781,-0.35531
5,0.63435,0.47029,0.49697,-0.3598
5.1,0.62066,0.47552,0.50604,-0.36412
5.2,0.60679,0.48054,0.51503,-0.36829
5.3,0.59274,0.48535,0.52392,-0.37229
5.4,0.57851,0.48995,0.53273,-0.37613
5.5,0.56411,0.49434,0.54144,-0.3798
5.6,0.54954,0.49852,0.55006,-0.3833
5.7,0.53481,0.50249,0.55858,-0.38662
5.8,0.51992,0.50624,0.56699,-0.38978
5.9,0.50488,0.50978,0.5753,-0.39275
6,0.4897,0.51309,0.5835,-0.39554
6.1,0.47437,0.51619,0.5916,-0.39816
6.2,0.45891,0.51907,0.59958,-0.40058
6.3,0.44332,0.52174,0.60745,-0.40283
6.4,0.4276,0.52418,0.6152,-0.40488
6.5,0.41176,0.5264,0.62283,-0.40674
6.6,0.39582,0.52839,0.63034,-0.40842
6.7,0.37976,0.53017,0.63772,-0.40989
6.8,0.3636,0.53172,0.64498,-0.41117
6.9,0.34734,0.53305,0.65212,-0.41225
7,0.331,0.53416,0.65912,-0.41313
7.1,0.31457,0.53504,0.66598,-0.41381
7.2,0.29806,0.53571,0.67272,-0.41429
7.3,0.28147,0.53614,0.67931,-0.41456
7.4,0.26483,0.53636,0.68577,-0.41462
7.5,0.24812,0.53635,0.69208,-0.41447
7.6,0.23135,0.53613,0.69825,-0.41412
7.7,0.21454,0.53568,0.70427,-0.41355
7.8,0.19769,0.53501,0.71015,-0.41276
7.9,0.1808,0.53412,0.71588,-0.41177
8,0.16388,0.53301,0.72145,-0.41055
8.1,0.14693,0.53168,0.72687,-0.40912
8.2,0.12997,0.53014,0.73214,-0.40747
8.3,0.113,0.52838,0.73725,-0.4056
8.4,0.096029,0.52641,0.7422,-0.40351
8.5,0.079057,0.52422,0.74698,-0.40119
8.6,0.062094,0.52182,0.75161,-0.39865
8.7,0.045146,0.51922,0.75607,-0.39589
8.8,0.028219,0.5164,0.76037,-0.39291
8.9,0.011321,0.51338,0.76449,-0.38969
9,-0.0055424,0.51016,0.76845,-0.38626
9.1,-0.022365,0.50673,0.77223,-0.38259
9.2,-0.039139,0.50311,0.77585,-0.3787
9.3,-0.055859,0.49928,0.77929,-0.37458
9.4,-0.072518,0.49527,0.78255,-0.37023
9.5,-0.08911,0.49106,0.78563,-0.36565
9.6,-0.10563,0.48666,0.78854,-0.36085
9.7,-0.12206,0.48207,0.79127,-0.35581
9.8,-0.13841,0.4773,0.79381,-0.35055
9.9,-0.15467,0.47235,0.79617,-0.34506
10,-0.17083,0.46722,0.79835,-0.33934
10.1,-0.18688,0.46192,0.80035,-0.33339
10.2,-0.20281,0.45645,0.80215,-0.32722
10.3,-0.21863,0.45081,0.80377,-0.32082
10.4,-0.23432,0.44501,0.8052,-0.31419
10.5,-0.24988,0.43905,0.80644,-0.30734
10.6,-0.2653,0.43293,0.80748,-0.30026
10.7,-0.28058,0.42666,0.80834,-0.29296
10.8,-0.2957,0.42024,0.809,-0.28543
10.9,-0.31067,0.41368,0.80947,-0.27769
11,-0.32547,0.40698,0.80974,-0.26972
11.1,-0.3401,0.40015,0.80982,-0.26154
11.2,-0.35456,0.39318,0.8097,-0.25313
11.3,-0.36884,0.38609,0.80939,-0.24452
11.4,-0.38292,0.37888,0.80887,-0.23569
11.5,-0.39682,0.37155,0.80816,-0.22664
11.6,-0.41051,0.36411,0.80724,-0.21739
11.7,-0.424,0.35657,0.80613,-0.20793
11.8,-0.43728,0.34892,0.80482,-0.19827
11.9,-0.45034,0.34118,0.8033,-0.1884
12,-0.46318,0.33335,0.80159,-0.17834
12.1,-0.47579,0.32543,0.79967,-0.16807
12.2,-0.48817,0.31743,0.79755,-0.15761
12.3,-0.50031,0.30936,0.79523,-0.14696
12.4,-0.5122,0.30122,0.79271,-0.13612
12.5,-0.52385,0.29302,0.78998,-0.1251
12.6,-0.53525,0.28475,0.78705,-0.1139
12.7,-0.54639,0.27644,0.78392,-0.10251
12.8,-0.55727,0.26808,0.78059,-0.090955
12.9,-0.56787,0.25969,0.77705,-0.079226
13,-0.57821,0.25126,0.77331,-0.067331
13.1,-0.58828,0.2428,0.76937,-0.055274
13.2,-0.59806,0.23432,0.76522,-0.043058
13.3,-0.60756,0.22582,0.76088,-0.030689
13.4,-0.61677,0.21732,0.75633,-0.01817
13.5,-0.62569,0.20881,0.75159,-0.0055056
13.6,-0.63431,0.2003,0.74664,0.0072983
13.7,-0.64264,0.19181,0.7415,0.020237
13.8,-0.65066,0.18333,0.73615,0.033306
13.9,-0.65838,0.17487,0.73061,0.0465
14,-0.6658,0.16644,0.72487,0.059814
14.1,-0.6729,0.15804,0.71893,0.073242
14.2,-0.67969,0.14969,0.7128,0.086778
14.3,-0.68616,0.14138,0.70648,0.10042
14.4,-0.69232,0.13312,0.69996,0.11415
14.5,-0.69816,0.12493,0.69325,0.12798
14.6,-0.70367,0.1168,0.68635,0.14189
14.7,-0.70886,0.10874,0.67926,0.15589
14.8,-0.71373,0.10075,0.67198,0.16995
14.9,-0.71827,0.092857,0.66451,0.18408
15,-0.72248,0.08505,0.65686,0.19827
15.1,-0.72637,0.077338,0.64903,0.21252
15.2,-0.72993,0.069728,0.64102,0.22681
15.3,-0.73315,0.062225,0.63282,0.24114
15.4,-0.73605,0.054836,0.62445,0.25551
15.5,-0.73862,0.047566,0.6159,0.2699
15.6,-0.74085,0.04042,0.60718,0.28431
15.7,-0.74276,0.033405,0.59829,0.29873
15.8,-0.74434,0.026526,0.58923,0.31316
15.9,-0.74559,0.019787,0.58,0.32759
16,-0.74651,0.013195,0.5706,0.342
16.1,-0.7471,0.0067541,0.56104,0.3564
16.2,-0.74737,0.00046964,0.55132,0.37078
16.3,-0.74732,-0.0056535,0.54145,0.38513
16.4,-0.74694,-0.011611,0.53142,0.39943
16.5,-0.74624,-0.017397,0.52123,0.41369
16.6,-0.74522,-0.023008,0.5109,0.4279
16.7,-0.74389,-0.02844,0.50042,0.44205
16.8,-0.74224,-0.033688,0.48979,0.45613
16.9,-0.74028,-0.038748,0.47903,0.47013
17,-0.73801,-0.043617,0.46812,0.48405
17.1,-0.73543,-0.048289,0.45709,0.49788
17.2,-0.73255,-0.052763,0.44591,0.51161
17.3,-0.72938,-0.057034,0.43462,0.52523
17.4,-0.7259,-0.061099,0.42319,0.53874
17.5,-0.72214,-0.064956,0.41164,0.55213
17.6,-0.71808,-0.0686,0.39998,0.56539
17.7,-0.71375,-0.07203,0.3882,0.57852
17.8,-0.70913,-0.075242,0.3763,0.5915
17.9,-0.70423,-0.078235,0.3643,0.60434
18,-0.69907,-0.081007,0.35219,0.61701
18.1,-0.69363,-0.083554,0.33998,0.62953
18.2,-0.68794,-0.085876,0.32768,0.64187
18.3,-0.68199,-0.08797,0.31528,0.65403
18.4,-0.67578,-0.089835,0.30279,0.66601
18.5,-0.66933,-0.091471,0.29021,0.6778
18.6,-0.66264,-0.092875,0.27755,0.68939
18.7,-0.65571,-0.094047,0.26482,0.70077
18.8,-0.64854,-0.094987,0.252,0.71194
18.9,-0.64116,-0.095693,0.23912,0.7229
19,-0.63355,-0.096165,0.22617,0.73363
19.1,-0.62573,-0.096404,0.21316,0.74413
19.2,-0.61771,-0.09641,0.20008,0.75439
19.3,-0.60948,-0.096182,0.18696,0.76442
19.4,-0.60106,-0.09572,0.17378,0.77419
19.5,-0.59244,-0.095027,0.16055,0.78371
19.6,-0.58365,-0.094102,0.14729,0.79297
19.7,-0.57467,-0.092947,0.13398,0.80197
19.8,-0.56553,-0.091562,0.12064,0.8107
19.9,-0.55622,-0.08995,0.10726,0.81916
20,-0.54676,-0.088111,0.093864,0.82734
20.1,-0.53714,-0.086047,0.080443,0.83523
20.2,-0.52738,-0.083761,0.067003,0.84283
20.3,-0.51748,-0.081254,0.053549,0.85015
20.4,-0.50745,-0.078528,0.040084,0.85716
20.5,-0.49729,-0.075586,0.026614,0.86388
20.6,-0.48701,-0.07243,0.013142,0.87029
20.7,-0.47663,-0.069064,-0.00032841,0.87639
20.8,-0.46614,-0.065489,-0.013792,0.88218
20.9,-0.45555,-0.06171,-0.027246,0.88765
21,-0.44486,-0.057728,-0.040685,0.89281
21.1,-0.4341,-0.053548,-0.054106,0.89764
21.2,-0.42325,-0.049172,-0.067505,0.90216
21.3,-0.41233,-0.044605,-0.080877,0.90634
21.4,-0.40135,-0.03985,-0.094219,0.9102
21.5,-0.3903,-0.034911,-0.10753,0.91372
21.6,-0.3792,-0.029791,-0.1208,0.91691
21.7,-0.36806,-0.024495,-0.13402,0.91977
21.8,-0.35688,-0.019027,-0.1472,0.92228
21.9,-0.34566,-0.013391,-0.16034,0.92446
22,-0.33441,-0.0075911,-0.17341,0.9263
22.1,-0.32315,-0.0016325,-0.18643,0.9278
22.2,-0.31187,0.0044807,-0.19939,0.92896
22.3,-0.30057,0.010744,-0.21229,0.92977
22.4,-0.28928,0.017152,-0.22511,0.93024
22.5,-0.27799,0.023701,-0.23787,0.93037
22.6,-0.2667,0.030386,-0.25054,0.93015
22.7,-0.25543,0.037201,-0.26314,0.92958
22.8,-0.24418,0.044141,-0.27566,0.92868
22.9,-0.23296,0.051203,-0.28808,0.92742
23,-0.22176,0.05838,-0.30042,0.92583
23.1,-0.21061,0.065668,-0.31267,0.92389
23.2,-0.19949,0.07306,-0.32481,0.92161
23.3,-0.18842,0.080553,-0.33686,0.91898
23.4,-0.1774,0.088141,-0.34881,0.91602
23.5,-0.16644,0.095818,-0.36064,0.91272
23.6,-0.15555,0.10358,-0.37237,0.90907
23.7,-0.14471,0.11142,-0.38399,0.9051
23.8,-0.13395,0.11933,-0.39548,0.90078
23.9,-0.12327,0.12731,-0.40686,0.89614
24,-0.11267,0.13536,-0.41812,0.89116
24.1,-0.10215,0.14346,-0.42925,0.88585
24.2,-0.091721,0.15161,-0.44025,0.88021
24.3,-0.081386,0.15981,-0.45112,0.87426
24.4,-0.071149,0.16805,-0.46186,0.86797
24.5,-0.061014,0.17633,-0.47246,0.86137
24.6,-0.050984,0.18464,-0.48293,0.85445
24.7,-0.041064,0.19297,-0.49324,0.84722
24.8,-0.031258,0.20132,-0.50342,0.83968
24.9,-0.021568,0.20969,-0.51345,0.83183
25,-0.011999,0.21806,-0.52332,0.82367
25.1,-0.0025531,0.22644,-0.53305,0.81522
25.2,0.0067653,0.23482,-0.54262,0.80646
25.3,0.015954,0.24319,-0.55203,0.79741
25.4,0.025008,0.25155,-0.56128,0.78807
25.5,0.033927,0.25989,-0.57037,0.77845
25.6,0.042706,0.26821,-0.5793,0.76854
25.7,0.051344,0.2765,-0.58806,0.75835
25.8,0.059836,0.28476,-0.59665,0.74789
25.9,0.068182,0.29299,-0.60507,0.73715
26,0.076378,0.30117,-0.61332,0.72615
26.1,0.084421,0.30931,-0.6214,0.71489
26.2,0.092311,0.31739,-0.62929,0.70337
26.3,0.10004,0.32542,-0.63701,0.6916
26.4,0.10762,0.33339,-0.64455,0.67958
26.5,0.11503,0.34129,-0.65191,0.66731
26.6,0.12228,0.34912,-0.65908,0.65481
26.7,0.12937,0.35688,-0.66607,0.64207
26.8,0.13629,0.36456,-0.67287,0.6291
26.9,0.14304,0.37216,-0.67948,0.61591
27,0.14963,0.37967,-0.6859,0.6025
27.1,0.15604,0.38708,-0.69213,0.58887
27.2,0.16228,0.39441,-0.69817,0.57504
27.3,0.16835,0.40163,-0.70401,0.561
27.4,0.17424,0.40875,-0.70966,0.54676
27.5,0.17996,0.41576,-0.71511,0.53233
27.6,0.1855,0.42266,-0.72036,0.51771
27.7,0.19086,0.42945,-0.72541,0.50291
27.8,0.19605,0.43612,-0.73026,0.48794
27.9,0.20105,0.44266,-0.73492,0.47279
28,0.20588,0.44908,-0.73936,0.45747
28.1,0.21052,0.45538,-0.74361,0.44199
28.2,0.21498,0.46153,-0.74765,0.42636
28.3,0.21926,0.46756,-0.75149,0.41058
28.4,0.22336,0.47344,-0.75512,0.39466
28.5,0.22728,0.47918,-0.75854,0.3786
28.6,0.23101,0.48478,-0.76176,0.36241
28.7,0.23456,0.49023,-0.76477,0.34609
28.8,0.23792,0.49553,-0.76758,0.32965
28.9,0.24111,0.50068,-0.77017,0.31309
29,0.2441,0.50567,-0.77255,0.29643
29.1,0.24692,0.5105,-0.77473,0.27967
29.2,0.24955,0.51517,-0.7767,0.2628
29.3,0.252,0.51968,-0.77845,0.24585
29.4,0.25426,0.52402,-0.78,0.22881
29.5,0.25634,0.52819,-0.78134,0.2117
29.6,0.25824,0.5322,-0.78246,0.19451
29.7,0.25995,0.53603,-0.78338,0.17725
29.8,0.26149,0.53968,-0.78408,0.15993
29.9,0.26284,0.54316,-0.78458,0.14256
30,0.26401,0.54647,-0.78487,0.12513
30.1,0.265,0.54959,-0.78494,0.10767
30.2,0.26581,0.55253,-0.78481,0.090163
30.3,0.26644,0.55529,-0.78447,0.072628
30.4,0.26689,0.55786,-0.78392,0.055068
30.5,0.26716,0.56025,-0.78316,0.037488
30.6,0.26726,0.56245,-0.78219,0.019895
30.7,0.26718,0.56447,-0.78102,0.0022948
30.8,0.26692,0.56629,-0.77964,-0.015307
30.9,0.26649,0.56792,-0.77805,-0.032905
31,0.26588,0.56936,-0.77626,-0.050492
31.1,0.26511,0.57061,-0.77427,-0.068063
31.2,0.26416,0.57166,-0.77207,-0.085611
31.3,0.26303,0.57252,-0.76967,-0.10313
31.4,0.26174,0.57319,-0.76707,-0.12062
31.5,0.26028,0.57366,-0.76427,-0.13807
31.6,0.25866,0.57393,-0.76127,-0.15547
31.7,0.25686,0.57401,-0.75807,-0.17282
31.8,0.25491,0.57389,-0.75468,-0.19011
31.9,0.25278,0.57357,-0.75109,-0.20734
32,0.2505,0.57305,-0.7473,-0.2245
32.1,0.24806,0.57234,-0.74332,-0.24159
32.2,0.24545,0.57143,-0.73916,-0.25859
32.3,0.24269,0.57032,-0.7348,-0.27551
32.4,0.23977,0.56901,-0.73026,-0.29234
32.5,0.23669,0.56751,-0.72553,-0.30907
32.6,0.23346,0.5658,-0.72061,-0.3257
32.7,0.23008,0.5639,-0.71551,-0.34223
32.8,0.22655,0.5618,-0.71024,-0.35864
32.9,0.22286,0.55951,-0.70478,-0.37493
33,0.21903,0.55702,-0.69915,-0.39109
33.1,0.21506,0.55433,-0.69334,-0.40713
33.2,0.21094,0.55144,-0.68736,-0.42303
33.3,0.20667,0.54837,-0.68121,-0.43879
33.4,0.20227,0.54509,-0.67489,-0.45441
33.5,0.19773,0.54163,-0.66841,-0.46987
33.6,0.19305,0.53797,-0.66176,-0.48518
33.7,0.18823,0.53412,-0.65495,-0.50033
33.8,0.18328,0.53008,-0.64798,-0.51531
33.9,0.1782,0.52585,-0.64086,-0.53012
34,0.17299,0.52143,-0.63358,-0.54476
34.1,0.16765,0.51682,-0.62615,-0.55922
34.2,0.16219,0.51202,-0.61858,-0.57349
34.3,0.1566,0.50704,-0.61086,-0.58757
34.4,0.15089,0.50188,-0.60299,-0.60146
34.5,0.14506,0.49653,-0.59499,-0.61514
34.6,0.13911,0.491,-0.58685,-0.62863
34.7,0.13305,0.48529,-0.57858,-0.6419
34.8,0.12688,0.4794,-0.57018,-0.65496
34.9,0.12059,0.47333,-0.56165,-0.66781
35,0.11419,0.46709,-0.553,-0.68043
35.1,0.10769,0.46067,-0.54422,-0.69283
35.2,0.10108,0.45408,-0.53533,-0.70499
35.3,0.094373,0.44732,-0.52632,-0.71692
35.4,0.087563,0.4404,-0.5172,-0.72862
35.5,0.080657,0.4333,-0.50798,-0.74007
35.6,0.073655,0.42604,-0.49865,-0.75128
35.7,0.066561,0.41861,-0.48922,-0.76223
35.8,0.059377,0.41102,-0.47969,-0.77294
35.9,0.052105,0.40327,-0.47008,-0.78338
36,0.044747,0.39536,-0.46037,-0.79357
36.1,0.037308,0.3873,-0.45057,-0.80349
36.2,0.029788,0.37909,-0.4407,-0.81314
36.3,0.022191,0.37072,-0.43074,-0.82252
36.4,0.014519,0.3622,-0.42072,-0.83162
36.5,0.0067749,0.35353,-0.41062,-0.84045
36.6,-0.0010384,0.34472,-0.40045,-0.849
36.7,-0.0089183,0.33577,-0.39023,-0.85727
36.8,-0.016862,0.32667,-0.37994,-0.86524
36.9,-0.024867,0.31744,-0.3696,-0.87293
37,-0.03293,0.30807,-0.35921,-0.88033
37.1,-0.041048,0.29856,-0.34878,-0.88743
37.2,-0.049218,0.28893,-0.3383,-0.89423
37.3,-0.057438,0.27916,-0.32779,-0.90074
37.4,-0.065704,0.26927,-0.31724,-0.90694
37.5,-0.074014,0.25925,-0.30667,-0.91283
37.6,-0.082364,0.24912,-0.29607,-0.91842
37.7,-0.090752,0.23886,-0.28545,-0.9237
37.8,-0.099173,0.22849,-0.27481,-0.92867
37.9,-0.10763,0.218,-0.26416,-0.93333
38,-0.11611,0.2074,-0.25351,-0.93768
38.1,-0.12461,0.1967,-0.24285,-0.9417
38.2,-0.13314,0.18589,-0.2322,-0.94541
38.3,-0.14168,0.17497,-0.22155,-0.9488
38.4,-0.15024,0.16396,-0.21092,-0.95187
38.5,-0.15881,0.15284,-0.20029,-0.95462
38.6,-0.16739,0.14164,-0.18969,-0.95705
38.7,-0.17597,0.13034,-0.17912,-0.95915
38.8,-0.18455,0.11895,-0.16857,-0.96092
38.9,-0.19313,0.10748,-0.15806,-0.96238
39,-0.20171,0.095919,-0.14758,-0.9635
39.1,-0.21027,0.084282,-0.13715,-0.9643
39.2,-0.21882,0.072567,-0.12677,-0.96477
39.3,-0.22736,0.060778,-0.11644,-0.96491
39.4,-0.23587,0.048918,-0.10616,-0.96473
39.5,-0.24436,0.036989,-0.095949,-0.96422
39.6,-0.25282,0.024995,-0.085801,-0.96338
39.7,-0.26125,0.012939,-0.075725,-0.96221
39.8,-0.26965,0.0008232,-0.065723,-0.96071
39.9,-0.278,-0.011348,-0.055801,-0.95889
40,-0.28631,-0.023572,-0.045963,-0.95674
40.1,-0.29457,-0.035846,-0.036213,-0.95427
40.2,-0.30279,-0.048166,-0.026557,-0.95147
40.3,-0.31094,-0.06053,-0.016999,-0.94835
40.4,-0.31904,-0.072934,-0.0075419,-0.9449
40.5,-0.32707,-0.085375,0.0018083,-0.94113
40.6,-0.33504,-0.097849,0.011048,-0.93704
40.7,-0.34294,-0.11035,0.020172,-0.93264
40.8,-0.35076,-0.12289,0.029177,-0.92791
40.9,-0.3585,-0.13544,0.038058,-0.92287
41,-0.36615,-0.14802,0.046811,-0.91751
41.1,-0.37372,-0.16061,0.055433,-0.91185
41.2,-0.3812,-0.17322,0.063918,-0.90587
41.3,-0.38858,-0.18583,0.072262,-0.89958
41.4,-0.39586,-0.19846,0.080463,-0.89299
41.5,-0.40303,-0.21108,0.088515,-0.8861
41.6,-0.41009,-0.22371,0.096415,-0.87891
41.7,-0.41705,-0.23634,0.10416,-0.87142
41.8,-0.42388,-0.24895,0.11174,-0.86363
41.9,-0.43059,-0.26156,0.11917,-0.85556
42,-0.43718,-0.27415,0.12642,-0.84719
42.1,-0.44364,-0.28673,0.1335,-0.83854
42.2,-0.44996,-0.29928,0.14041,-0.82961
42.3,-0.45614,-0.31182,0.14714,-0.8204
42.4,-0.46218,-0.32432,0.1537,-0.81092
42.5,-0.46807,-0.33679,0.16006,-0.80116
42.6,-0.47381,-0.34923,0.16624,-0.79115
42.7,-0.47939,-0.36162,0.17223,-0.78086
42.8,-0.48481,-0.37398,0.17803,-0.77032
42.9,-0.49007,-0.38629,0.18363,-0.75953
43,-0.49516,-0.39855,0.18903,-0.74849
43.1,-0.50008,-0.41076,0.19424,-0.73721
43.2,-0.50482,-0.42291,0.19923,-0.72568
43.3,-0.50938,-0.435,0.20403,-0.71392
43.4,-0.51375,-0.44702,0.20861,-0.70194
43.5,-0.51793,-0.45898,0.21298,-0.68972
43.6,-0.52192,-0.47087,0.21714,-0.67729
43.7,-0.52572,-0.48268,0.22109,-0.66465
43.8,-0.52931,-0.49442,0.22482,-0.6518
43.9,-0.53269,-0.50607,0.22833,-0.63875
44,-0.53587,-0.51764,0.23162,-0.6255
44.1,-0.53883,-0.52911,0.23469,-0.61206
44.2,-0.54158,-0.5405,0.23754,-0.59844
44.3,-0.54411,-0.55178,0.24017,-0.58464
44.4,-0.54641,-0.56297,0.24257,-0.57066
44.5,-0.54849,-0.57405,0.24475,-0.55653
44.6,-0.55033,-0.58503,0.2467,-0.54223
44.7,-0.55194,-0.59589,0.24843,-0.52778
44.8,-0.55332,-0.60664,0.24993,-0.51319
44.9,-0.55445,-0.61727,0.2512,-0.49846
45,-0.55534,-0.62778,0.25225,-0.4836
45.1,-0.55598,-0.63816,0.25307,-0.46861
45.2,-0.55637,-0.64841,0.25366,-0.45351
45.3,-0.55651,-0.65854,0.25403,-0.43829
45.4,-0.55639,-0.66852,0.25417,-0.42298
45.5,-0.55601,-0.67837,0.25409,-0.40756
45.6,-0.55538,-0.68807,0.25379,-0.39206
45.7,-0.55448,-0.69762,0.25326,-0.37648
45.8,-0.55331,-0.70703,0.25251,-0.36083
45.9,-0.55188,-0.71628,0.25154,-0.34511
46,-0.55018,-0.72538,0.25035,-0.32933
46.1,-0.54821,-0.73431,0.24895,-0.3135
46.2,-0.54596,-0.74308,0.24733,-0.29763
46.3,-0.54344,-0.75169,0.2455,-0.28172
46.4,-0.54064,-0.76013,0.24346,-0.26579
46.5,-0.53757,-0.76839,0.24121,-0.24983
46.6,-0.53421,-0.77648,0.23875,-0.23387
46.7,-0.53058,-0.78439,0.2361,-0.2179
46.8,-0.52666,-0.79211,0.23324,-0.20194
46.9,-0.52247,-0.79966,0.23019,-0.18599
47,-0.51799,-0.80701,0.22694,-0.17006
47.1,-0.51323,-0.81417,0.2235,-0.15416
47.2,-0.50819,-0.82114,0.21988,-0.13829
47.3,-0.50286,-0.82792,0.21607,-0.12247
47.4,-0.49725,-0.83449,0.21209,-0.1067
47.5,-0.49136,-0.84086,0.20793,-0.090986
47.6,-0.48519,-0.84703,0.2036,-0.075342
47.7,-0.47874,-0.85299,0.1991,-0.059773
47.8,-0.472,-0.85875,0.19444,-0.044286
47.9,-0.46499,-0.86429,0.18962,-0.028889
48,-0.4577,-0.86962,0.18465,-0.01359
48.1,-0.45013,-0.87473,0.17954,0.0016032
48.2,-0.44228,-0.87962,0.17427,0.016684
48.3,-0.43417,-0.8843,0.16887,0.031645
48.4,-0.42578,-0.88875,0.16334,0.046479
48.5,-0.41712,-0.89298,0.15768,0.061178
48.6,-0.40819,-0.89698,0.1519,0.075736
48.7,-0.399,-0.90076,0.146,0.090145
48.8,-0.38954,-0.9043,0.13999,0.1044
48.9,-0.37983,-0.90762,0.13387,0.11849
49,-0.36986,-0.9107,0.12766,0.13241
49.1,-0.35963,-0.91355,0.12134,0.14616
49.2,-0.34916,-0.91617,0.11495,0.15973
49.3,-0.33844,-0.91855,0.10847,0.17311
49.4,-0.32747,-0.92069,0.10191,0.18629
49.5,-0.31627,-0.9226,0.095283,0.19928
49.6,-0.30483,-0.92426,0.088593,0.21206
49.7,-0.29316,-0.92569,0.081845,0.22463
49.8,-0.28127,-0.92687,0.075046,0.23698
49.9,-0.26915,-0.92782,0.068202,0.24911
50,-0.25682,-0.92853,0.061319,0.26101
50.1,-0.24427,-0.92899,0.054404,0.27268
50.2,-0.23152,-0.92921,0.047463,0.28411
50.3,-0.21856,-0.92919,0.040503,0.2953
50.4,-0.20541,-0.92892,0.033529,0.30625
50.5,-0.19206,-0.92842,0.026548,0.31694
50.6,-0.17853,-0.92767,0.019567,0.32738
50.7,-0.16482,-0.92668,0.012592,0.33756
50.8,-0.15093,-0.92544,0.0056284,0.34748
50.9,-0.13688,-0.92397,-0.0013162,0.35714
51,-0.12266,-0.92225,-0.0082362,0.36652
51.1,-0.10829,-0.9203,-0.015125,0.37563
51.2,-0.093764,-0.9181,-0.021977,0.38447
51.3,-0.079097,-0.91567,-0.028785,0.39303
51.4,-0.064293,-0.91299,-0.035544,0.40131
51.5,-0.049359,-0.91008,-0.042248,0.4093
51.6,-0.034301,-0.90694,-0.04889,0.41701
51.7,-0.019125,-0.90356,-0.055465,0.42443
51.8,-0.00384,-0.89994,-0.061967,0.43157
51.9,0.011549,-0.89609,-0.06839,0.43841
52,0.027034,-0.89202,-0.074729,0.44496
52.1,0.042608,-0.88771,-0.080977,0.45122
52.2,0.058265,-0.88317,-0.08713,0.45719
52.3,0.073996,-0.87841,-0.093183,0.46286
52.4,0.089796,-0.87342,-0.099129,0.46823
52.5,0.10566,-0.86821,-0.10496,0.47331
52.6,0.12157,-0.86278,-0.11068,0.4781
52.7,0.13753,-0.85713,-0.11628,0.48258
52.8,0.15353,-0.85127,-0.12175,0.48677
52.9,0.16956,-0.84519,-0.12709,0.49067
53,0.18561,-0.8389,-0.1323,0.49427
53.1,0.20168,-0.83239,-0.13736,0.49757
53.2,0.21776,-0.82568,-0.14229,0.50059
53.3,0.23384,-0.81877,-0.14706,0.5033
53.4,0.24991,-0.81165,-0.15168,0.50573
53.5,0.26598,-0.80433,-0.15615,0.50787
53.6,0.28202,-0.79681,-0.16045,0.50972
53.7,0.29803,-0.7891,-0.1646,0.51128
53.8,0.31401,-0.78119,-0.16857,0.51256
53.9,0.32995,-0.7731,-0.17238,0.51355
54,0.34584,-0.76482,-0.17601,0.51426
54.1,0.36167,-0.75635,-0.17947,0.5147
54.2,0.37744,-0.74771,-0.18274,0.51485
54.3,0.39314,-0.73889,-0.18584,0.51473
54.4,0.40876,-0.72989,-0.18875,0.51435
54.5,0.4243,-0.72072,-0.19147,0.51369
54.6,0.43974,-0.71138,-0.19401,0.51277
54.7,0.45509,-0.70188,-0.19635,0.51158
54.8,0.47033,-0.69221,-0.1985,0.51013
54.9,0.48545,-0.68238,-0.20045,0.50843
55,0.50046,-0.6724,-0.20221,0.50648
55.1,0.51535,-0.66227,-0.20377,0.50427
55.2,0.5301,-0.65199,-0.20513,0.50182
55.3,0.54472,-0.64156,-0.20629,0.49913
55.4,0.55919,-0.63099,-0.20725,0.4962
55.5,0.57351,-0.62028,-0.208,0.49303
55.6,0.58767,-0.60943,-0.20855,0.48963
55.7,0.60167,-0.59846,-0.2089,0.48601
55.8,0.6155,-0.58735,-0.20904,0.48216
55.9,0.62916,-0.57612,-0.20898,0.47809
56,0.64263,-0.56477,-0.20871,0.47381
56.1,0.65592,-0.55331,-0.20824,0.46931
56.2,0.66902,-0.54172,-0.20756,0.46461
56.3,0.68192,-0.53003,-0.20667,0.45971
56.4,0.69462,-0.51823,-0.20558,0.45461
56.5,0.70711,-0.50633,-0.20429,0.44932
56.6,0.71939,-0.49433,-0.20279,0.44383
56.7,0.73146,-0.48223,-0.20109,0.43817
56.8,0.74329,-0.47004,-0.19919,0.43232
56.9,0.75491,-0.45776,-0.19708,0.42629
57,0.76629,-0.4454,-0.19478,0.4201
57.1,0.77743,-0.43296,-0.19227,0.41374
57.2,0.78833,-0.42044,-0.18957,0.40722
57.3,0.79899,-0.40785,-0.18667,0.40054
57.4,0.8094,-0.39518,-0.18358,0.39371
57.5,0.81955,-0.38246,-0.18029,0.38673
57.6,0.82945,-0.36966,-0.17681,0.37961
57.7,0.83909,-0.35682,-0.17314,0.37234
57.8,0.84846,-0.34391,-0.16929,0.36495
57.9,0.85756,-0.33096,-0.16525,0.35743
58,0.86639,-0.31796,-0.16102,0.34978
58.1,0.87495,-0.30491,-0.15661,0.34201
58.2,0.88322,-0.29183,-0.15203,0.33413
58.3,0.89122,-0.27871,-0.14727,0.32613
58.4,0.89893,-0.26556,-0.14233,0.31804
58.5,0.90635,-0.25238,-0.13722,0.30984
58.6,0.91349,-0.23917,-0.13194,0.30154
58.7,0.92033,-0.22595,-0.1265,0.29315
58.8,0.92688,-0.21271,-0.12089,0.28468
58.9,0.93312,-0.19945,-0.11512,0.27612
59,0.93907,-0.18619,-0.1092,0.26749
59.1,0.94472,-0.17292,-0.10312,0.25878
59.2,0.95007,-0.15965,-0.096883,0.25
59.3,0.9551,-0.14638,-0.090501,0.24116
59.4,0.95984,-0.13311,-0.083974,0.23226
59.5,0.96426,-0.11986,-0.077304,0.2233
59.6,0.96837,-0.10661,-0.070496,0.2143
59.7,0.97217,-0.093389,-0.063551,0.20524
59.8,0.97566,-0.080183,-0.056474,0.19615
59.9,0.97883,-0.067001,-0.049268,0.18701
60,0.98169,-0.053847,-0.041936,0.17785
